--|||
CREATE TABLE IF NOT EXISTS `mt4_closed` (
`TICKET` int(11)
,`LOGIN` int(11)
,`server_id` tinyint(4)
,`SYMBOL` char(16)
,`DIGITS` int(11)
,`CMD` int(11)
,`VOLUME` int(11)
,`OPEN_TIME` datetime
,`OPEN_PRICE` double
,`SL` double
,`TP` double
,`CLOSE_TIME` datetime
,`EXPIRATION` datetime
,`CONV_RATE1` double
,`CONV_RATE2` double
,`COMMISSION` double
,`COMMISSION_AGENT` double
,`SWAPS` double
,`CLOSE_PRICE` double
,`PROFIT` double
,`TAXES` double
,`COMMENT` char(32)
,`INTERNAL_ID` int(11)
,`MARGIN_RATE` double
,`TIMESTAMP` int(11)
,`MODIFY_TIME` datetime
,`REASON` int(11)
);
--|||
CREATE TABLE IF NOT EXISTS `mt4_closed_actual` (
  `TICKET` int(11) NOT NULL,
  `LOGIN` int(11) NOT NULL,
  `server_id` tinyint(1) NOT NULL,
  `SYMBOL` char(16) NOT NULL,
  `DIGITS` int(11) NOT NULL,
  `CMD` int(11) NOT NULL,
  `VOLUME` int(11) NOT NULL,
  `OPEN_TIME` datetime NOT NULL,
  `OPEN_PRICE` double NOT NULL,
  `SL` double NOT NULL,
  `TP` double NOT NULL,
  `CLOSE_TIME` datetime NOT NULL,
  `EXPIRATION` datetime NOT NULL,
  `CONV_RATE1` double NOT NULL,
  `CONV_RATE2` double NOT NULL,
  `COMMISSION` double NOT NULL,
  `COMMISSION_AGENT` double NOT NULL,
  `SWAPS` double NOT NULL,
  `CLOSE_PRICE` double NOT NULL,
  `PROFIT` double NOT NULL,
  `TAXES` double NOT NULL,
  `COMMENT` char(32) NOT NULL,
  `INTERNAL_ID` int(11) NOT NULL,
  `MARGIN_RATE` double NOT NULL,
  `TIMESTAMP` int(11) NOT NULL,
  `MODIFY_TIME` datetime NOT NULL,
  `REASON` int(11) NOT NULL DEFAULT '0',
  PRIMARY KEY (`TICKET`),
  KEY `INDEX_LOGIN` (`LOGIN`),
  KEY `INDEX_CMD` (`CMD`),
  KEY `INDEX_OPENTIME` (`OPEN_TIME`),
  KEY `INDEX_CLOSETIME` (`CLOSE_TIME`),
  KEY `INDEX_STAMP` (`TIMESTAMP`)
) ENGINE=MyISAM DEFAULT CHARSET=utf8;

--|||
INSERT INTO `mt4_closed_actual` (`TICKET`, `LOGIN`, `server_id`, `SYMBOL`, `DIGITS`, `CMD`, `VOLUME`, `OPEN_TIME`, `OPEN_PRICE`, `SL`, `TP`, `CLOSE_TIME`, `EXPIRATION`, `CONV_RATE1`, `CONV_RATE2`, `COMMISSION`, `COMMISSION_AGENT`, `SWAPS`, `CLOSE_PRICE`, `PROFIT`, `TAXES`, `COMMENT`, `INTERNAL_ID`, `MARGIN_RATE`, `TIMESTAMP`, `MODIFY_TIME`, `REASON`) VALUES
(6125864, 200, 0, 'GBPUSD', 4, 1, 0, '2015-06-10 15:39:47', 1.5514, 0, 0, '2015-06-10 15:40:07', '1970-01-01 00:00:00', 1.3697691938908294, 1.3697691938908294, 0, 0, 0, 1.5514, 0, 0, 'close hedge by #6125865', 0, 0.8830606883458065, 1433950808, '2015-06-10 16:40:07', 2),
(6125868, 200, 0, 'GBPUSD', 4, 0, 100, '2015-06-10 15:40:43', 1.5512, 0, 0, '2015-06-10 15:41:10', '1970-01-01 00:00:00', 1.3695815928233923, 1.3693940431359122, -27.397260273972602, 0, 0, 1.5512, 0, 0, 'partial close', 0, 0.8829398364795423, 1433950871, '2015-06-10 16:41:10', 2),
(6125870, 200, 0, 'GBPUSD', 4, 1, 100, '2015-06-10 15:41:51', 1.5512, 0, 0, '2015-06-10 15:42:03', '1970-01-01 00:00:00', 1.3695815928233923, 1.3697691938908294, -54.80578226721876, 0, 0, 1.5512, 0, 0, 'to #6125871', 0, 0.8829359385829759, 1433950924, '2015-06-10 16:42:04', 2),
(6125869, 200, 0, 'GBPUSD', 4, 0, 100, '2015-06-10 15:41:46', 1.5512, 0, 0, '2015-06-10 15:42:14', '1970-01-01 00:00:00', 1.3695815928233923, 1.3697691938908294, -54.80578226721876, 0, 0, 1.5512, 0, 0, 'to #6125872', 0, 0.8829359385829761, 1433950935, '2015-06-10 16:42:14', 2),
(6125861, 200, 0, 'GBPUSD', 4, 1, 100, '2015-06-10 15:39:18', 1.5515, 0, 0, '2015-06-10 15:39:29', '1970-01-01 00:00:00', 1.3697691938908294, 1.3697691938908294, -109.61907371882708, 0, 0, 1.5515, 0, 0, '', 0, 0.8828969615101069, 1433950770, '2015-06-10 16:39:29', 2),
(6125862, 200, 0, 'GBPUSD', 4, 0, 0, '2015-06-10 15:39:24', 1.5515, 0, 0, '2015-06-10 15:39:29', '1970-01-01 00:00:00', 1.3697691938908294, 1.3697691938908294, 0, 0, 0, 1.5515, 0, 0, 'close hedge by #6125861', 0, 0.8828969615101069, 1433950770, '2015-06-10 16:39:29', 2),
(6125863, 200, 0, 'GBPUSD', 4, 0, 100, '2015-06-10 15:39:40', 1.5515, 0, 0, '2015-06-10 15:39:58', '1970-01-01 00:00:00', 1.3697691938908294, 1.3697691938908294, -54.80953685941354, 0, 0, 1.5512, -26.49, 0, 'to #6125865', 0, 0.8829671227191856, 1433950799, '2015-06-10 16:39:58', 2),
(6125865, 200, 0, 'GBPUSD', 4, 0, 100, '2015-06-10 15:39:40', 1.5515, 0, 0, '2015-06-10 15:40:07', '1970-01-01 00:00:00', 1.3697691938908294, 1.3697691938908294, -82.21430528912032, 0, 0, 1.5514, -8.83, 0, 'from #6125863', 0, 0.8831074785956824, 1433950808, '2015-06-10 16:40:07', 2),
(6125866, 200, 0, 'GBPUSD', 4, 0, 100, '2015-06-10 15:40:43', 1.5512, 0, 0, '2015-06-10 15:40:55', '1970-01-01 00:00:00', 1.3695815928233923, 1.3695815928233923, -109.60405535004796, 0, 0, 1.5512, 0, 0, 'partial close', 0, 0.8829437344105246, 1433950856, '2015-06-10 16:40:56', 2),
(6125867, 200, 0, 'GBPUSD', 4, 1, 0, '2015-06-10 15:40:47', 1.5512, 0, 0, '2015-06-10 15:40:55', '1970-01-01 00:00:00', 1.3695815928233923, 0, 0, 0, 0, 1.5512, 0, 0, 'close hedge by #6125866', 0, 0.8828852690592858, 1433950856, '2015-06-10 16:40:56', 2),
(6125871, 200, 0, 'GBPUSD', 4, 1, 0, '2015-06-10 15:41:51', 1.5512, 0, 0, '2015-06-10 15:42:22', '1970-01-01 00:00:00', 1.3697691938908294, 1.3697691938908294, 0, 0, 0, 1.5512, 0, 0, 'close hedge by #6125872', 0, 0.8830333963230489, 1433950943, '2015-06-10 16:42:22', 2),
(6125872, 200, 0, 'GBPUSD', 4, 0, 100, '2015-06-10 15:41:46', 1.5512, 0, 0, '2015-06-10 15:42:22', '1970-01-01 00:00:00', 1.3697691938908294, 1.3697691938908294, -82.21430528912032, 0, 0, 1.5512, 0, 0, 'from #6125869', 0, 0.8830879820556522, 1433950943, '2015-06-10 16:42:22', 2),
(6125874, 200, 0, 'GBPUSD', 4, 0, 0, '2015-06-10 16:07:27', 1.5538, 0, 0, '2015-06-10 16:07:31', '1970-01-01 00:00:00', 1.3716480351141898, 1.3716480351141898, 0, 0, 0, 1.5538, 0, 0, 'close hedge by #6125873', 0, 0.8828540907044293, 1433952452, '2015-06-10 17:07:33', 2),
(6125873, 200, 0, 'GBPUSD', 4, 1, 100, '2015-06-10 16:07:22', 1.5538, 0, 0, '2015-06-10 16:07:31', '1970-01-01 00:00:00', 1.3716480351141898, 1.3716480351141898, -109.76948408342481, 0, 0, 1.5538, 0, 0, '', 0, 0.8828735769181532, 1433952452, '2015-06-10 17:07:33', 2),
(6125875, 200, 0, 'GBPUSD', 4, 1, 100, '2015-06-10 16:07:41', 1.5537, 0, 0, '2015-06-10 16:07:51', '1970-01-01 00:00:00', 1.3714599190838648, 1.3716480351141898, -109.76948408342481, 0, 0, 1.5539, -17.66, 0, 'partial close', 0, 0.8827839474566995, 1433952472, '2015-06-10 17:07:51', 2),
(6125876, 200, 0, 'GBPUSD', 4, 0, 0, '2015-06-10 16:07:47', 1.5539, 0, 0, '2015-06-10 16:07:51', '1970-01-01 00:00:00', 1.3714599190838648, 0, 0, 0, 0, 1.5539, 0, 0, 'close hedge by #6125875', 0, 0.882616428139577, 1433952472, '2015-06-10 17:07:51', 2),
(6125877, 200, 0, 'GBPUSD', 4, 1, 100, '2015-06-10 16:07:41', 1.5537, 0, 0, '2015-06-10 16:08:02', '1970-01-01 00:00:00', 1.3716480351141898, 1.3716480351141898, -27.442371020856204, 0, 0, 1.5536, 8.83, 0, 'partial close', 0, 0.882780050936409, 1433952483, '2015-06-10 17:08:02', 2),
(6125878, 200, 0, 'GBPUSD', 4, 1, 100, '2015-06-10 16:08:23', 1.5529, 0, 0, '2015-06-10 16:08:40', '1970-01-01 00:00:00', 1.3720244220347122, 1.3722126929674099, -82.36101578586135, 0, 0, 1.553, -8.84, 0, '', 0, 0.8835717504439948, 1433952521, '2015-06-10 17:08:40', 2),
(6125879, 200, 0, 'GBPUSD', 4, 0, 100, '2015-06-10 16:08:29', 1.553, 0, 0, '2015-06-10 16:08:36', '1970-01-01 00:00:00', 1.3720244220347122, 1.3720244220347122, -54.899807850672524, 0, 0, 1.5531, 8.83, 0, 'to #6125880', 0, 0.8835249109848653, 1433952517, '2015-06-10 17:08:36', 2),
(6125880, 200, 0, 'GBPUSD', 4, 0, 0, '2015-06-10 16:08:29', 1.553, 0, 0, '2015-06-10 16:08:40', '1970-01-01 00:00:00', 1.3720244220347122, 1.3722126929674099, 0, 0, 0, 1.553, 0, 0, 'close hedge by #6125878', 0, 0.8835053960092063, 1433952521, '2015-06-10 17:08:40', 2),
(6125883, 200, 0, 'GBPUSD', 4, 0, 0, '2015-06-10 16:09:01', 1.5525, 0, 0, '2015-06-10 16:09:23', '1970-01-01 00:00:00', 1.3727778159104949, 1.3725893898840162, 0, 0, 0, 1.5525, 0, 0, 'close hedge by #6125884', 0, 0.8842514811212309, 1433952564, '2015-06-10 17:09:24', 2),
(6125881, 200, 0, 'GBPUSD', 4, 1, 50, '2015-06-10 16:08:55', 1.5525, 0, 0, '2015-06-10 16:09:13', '1970-01-01 00:00:00', 1.3727778159104949, 1.3725893898840162, -54.926193187168444, 0, 0, 1.5525, 0, 0, 'to #6125884', 0, 0.8842084786751019, 1433952554, '2015-06-10 17:09:13', 2),
(6125882, 200, 0, 'GBPUSD', 4, 0, 50, '2015-06-10 16:09:01', 1.5525, 0, 0, '2015-06-10 16:09:07', '1970-01-01 00:00:00', 1.3724010155767514, 1.3727778159104949, -54.92242311426352, 0, 0, 1.5523, -8.84, 0, 'to #6125883', 0, 0.8840951286358413, 1433952548, '2015-06-10 17:09:07', 2),
(6125884, 200, 0, 'GBPUSD', 4, 1, 50, '2015-06-10 16:08:55', 1.5525, 0, 0, '2015-06-10 16:09:23', '1970-01-01 00:00:00', 1.3725893898840162, 1.3725893898840162, -54.92242207881368, 0, 0, 1.5525, 0, 0, 'from #6125881', 0, 0.8842632097870251, 1433952564, '2015-06-10 17:09:24', 2),
(6125885, 200, 0, 'GBPUSD', 4, 1, 100, '2015-06-10 16:10:08', 1.552, 0, 0, '2015-06-10 16:10:14', '1970-01-01 00:00:00', 1.373532037634778, 1.3733434045182997, -54.956378634008, 0, 0, 1.5521, -8.85, 0, 'to #6125886', 0, 0.8850419067342838, 1433952615, '2015-06-10 17:10:14', 2),
(6125886, 200, 0, 'GBPUSD', 4, 1, 100, '2015-06-10 16:10:08', 1.552, 0, 0, '2015-06-10 16:10:23', '1970-01-01 00:00:00', 1.3733434045182997, 1.3733434045182997, -27.476301689792553, 0, 0, 1.5519, 8.86, 0, 'from #6125885', 0, 0.8849988273765538, 1433952624, '2015-06-10 17:10:23', 2);

--|||
CREATE TABLE IF NOT EXISTS `mt4_closed_actual_balance` (
`TICKET` int(11)
,`LOGIN` int(11)
,`server_id` tinyint(4)
,`SYMBOL` char(16)
,`DIGITS` int(11)
,`CMD` int(11)
,`VOLUME` int(11)
,`OPEN_TIME` datetime
,`OPEN_PRICE` double
,`SL` double
,`TP` double
,`CLOSE_TIME` datetime
,`EXPIRATION` datetime
,`CONV_RATE1` double
,`CONV_RATE2` double
,`COMMISSION` double
,`COMMISSION_AGENT` double
,`SWAPS` double
,`CLOSE_PRICE` double
,`PROFIT` double
,`TAXES` double
,`COMMENT` char(32)
,`INTERNAL_ID` int(11)
,`MARGIN_RATE` double
,`TIMESTAMP` int(11)
,`MODIFY_TIME` datetime
,`REASON` int(11)
);
--|||

CREATE TABLE IF NOT EXISTS `mt4_closed_balance` (
  `TICKET` int(11) NOT NULL,
  `LOGIN` int(11) NOT NULL,
  `server_id` tinyint(1) NOT NULL,
  `SYMBOL` char(16) NOT NULL,
  `DIGITS` int(11) NOT NULL,
  `CMD` int(11) NOT NULL,
  `VOLUME` int(11) NOT NULL,
  `OPEN_TIME` datetime NOT NULL,
  `OPEN_PRICE` double NOT NULL,
  `SL` double NOT NULL,
  `TP` double NOT NULL,
  `CLOSE_TIME` datetime NOT NULL,
  `EXPIRATION` datetime NOT NULL,
  `CONV_RATE1` double NOT NULL,
  `CONV_RATE2` double NOT NULL,
  `COMMISSION` double NOT NULL,
  `COMMISSION_AGENT` double NOT NULL,
  `SWAPS` double NOT NULL,
  `CLOSE_PRICE` double NOT NULL,
  `PROFIT` double NOT NULL,
  `TAXES` double NOT NULL,
  `COMMENT` char(32) NOT NULL,
  `INTERNAL_ID` int(11) NOT NULL,
  `MARGIN_RATE` double NOT NULL,
  `TIMESTAMP` int(11) NOT NULL,
  `MODIFY_TIME` datetime NOT NULL,
  `REASON` int(11) NOT NULL DEFAULT '0',
  PRIMARY KEY (`TICKET`),
  KEY `INDEX_LOGIN` (`LOGIN`),
  KEY `INDEX_CMD` (`CMD`),
  KEY `INDEX_OPENTIME` (`OPEN_TIME`),
  KEY `INDEX_CLOSETIME` (`CLOSE_TIME`),
  KEY `INDEX_STAMP` (`TIMESTAMP`)
) ENGINE=MyISAM DEFAULT CHARSET=utf8;

--|||

CREATE TABLE IF NOT EXISTS `mt4_closed_pending` (
  `TICKET` int(11) NOT NULL,
  `LOGIN` int(11) NOT NULL,
  `server_id` tinyint(1) NOT NULL,
  `SYMBOL` char(16) NOT NULL,
  `DIGITS` int(11) NOT NULL,
  `CMD` int(11) NOT NULL,
  `VOLUME` int(11) NOT NULL,
  `OPEN_TIME` datetime NOT NULL,
  `OPEN_PRICE` double NOT NULL,
  `SL` double NOT NULL,
  `TP` double NOT NULL,
  `CLOSE_TIME` datetime NOT NULL,
  `EXPIRATION` datetime NOT NULL,
  `CONV_RATE1` double NOT NULL,
  `CONV_RATE2` double NOT NULL,
  `COMMISSION` double NOT NULL,
  `COMMISSION_AGENT` double NOT NULL,
  `SWAPS` double NOT NULL,
  `CLOSE_PRICE` double NOT NULL,
  `PROFIT` double NOT NULL,
  `TAXES` double NOT NULL,
  `COMMENT` char(32) NOT NULL,
  `INTERNAL_ID` int(11) NOT NULL,
  `MARGIN_RATE` double NOT NULL,
  `TIMESTAMP` int(11) NOT NULL,
  `MODIFY_TIME` datetime NOT NULL,
  `REASON` int(11) NOT NULL DEFAULT '0',
  PRIMARY KEY (`TICKET`),
  KEY `INDEX_LOGIN` (`LOGIN`),
  KEY `INDEX_CMD` (`CMD`),
  KEY `INDEX_OPENTIME` (`OPEN_TIME`),
  KEY `INDEX_CLOSETIME` (`CLOSE_TIME`),
  KEY `INDEX_STAMP` (`TIMESTAMP`)
) ENGINE=MyISAM DEFAULT CHARSET=utf8;

--|||
CREATE TABLE IF NOT EXISTS `mt4_open` (
`TICKET` int(11)
,`LOGIN` int(11)
,`server_id` tinyint(4)
,`SYMBOL` char(16)
,`DIGITS` int(11)
,`CMD` int(11)
,`VOLUME` int(11)
,`OPEN_TIME` datetime
,`OPEN_PRICE` double
,`SL` double
,`TP` double
,`CLOSE_TIME` datetime
,`EXPIRATION` datetime
,`CONV_RATE1` double
,`CONV_RATE2` double
,`COMMISSION` double
,`COMMISSION_AGENT` double
,`SWAPS` double
,`CLOSE_PRICE` double
,`PROFIT` double
,`TAXES` double
,`COMMENT` char(32)
,`INTERNAL_ID` int(11)
,`MARGIN_RATE` double
,`TIMESTAMP` int(11)
,`MODIFY_TIME` datetime
,`REASON` int(11)
);
--|||

CREATE TABLE IF NOT EXISTS `mt4_open_actual` (
  `TICKET` int(11) NOT NULL,
  `LOGIN` int(11) NOT NULL,
  `server_id` tinyint(1) NOT NULL,
  `SYMBOL` char(16) NOT NULL,
  `DIGITS` int(11) NOT NULL,
  `CMD` int(11) NOT NULL,
  `VOLUME` int(11) NOT NULL,
  `OPEN_TIME` datetime NOT NULL,
  `OPEN_PRICE` double NOT NULL,
  `SL` double NOT NULL,
  `TP` double NOT NULL,
  `CLOSE_TIME` datetime NOT NULL,
  `EXPIRATION` datetime NOT NULL,
  `CONV_RATE1` double NOT NULL,
  `CONV_RATE2` double NOT NULL,
  `COMMISSION` double NOT NULL,
  `COMMISSION_AGENT` double NOT NULL,
  `SWAPS` double NOT NULL,
  `CLOSE_PRICE` double NOT NULL,
  `PROFIT` double NOT NULL,
  `TAXES` double NOT NULL,
  `COMMENT` char(32) NOT NULL,
  `INTERNAL_ID` int(11) NOT NULL,
  `MARGIN_RATE` double NOT NULL,
  `TIMESTAMP` int(11) NOT NULL,
  `MODIFY_TIME` datetime NOT NULL,
  `REASON` int(11) NOT NULL DEFAULT '0',
  PRIMARY KEY (`TICKET`),
  KEY `INDEX_LOGIN` (`LOGIN`),
  KEY `INDEX_CMD` (`CMD`),
  KEY `INDEX_OPENTIME` (`OPEN_TIME`),
  KEY `INDEX_CLOSETIME` (`CLOSE_TIME`),
  KEY `INDEX_STAMP` (`TIMESTAMP`)
) ENGINE=MyISAM DEFAULT CHARSET=utf8;

--|||

INSERT INTO `mt4_open_actual` (`TICKET`, `LOGIN`, `server_id`, `SYMBOL`, `DIGITS`, `CMD`, `VOLUME`, `OPEN_TIME`, `OPEN_PRICE`, `SL`, `TP`, `CLOSE_TIME`, `EXPIRATION`, `CONV_RATE1`, `CONV_RATE2`, `COMMISSION`, `COMMISSION_AGENT`, `SWAPS`, `CLOSE_PRICE`, `PROFIT`, `TAXES`, `COMMENT`, `INTERNAL_ID`, `MARGIN_RATE`, `TIMESTAMP`, `MODIFY_TIME`, `REASON`) VALUES
(6125887, 200, 0, 'GBPUSD', 4, 1, 100, '2015-06-11 10:26:51', 1.5446, 0, 0, '1970-01-01 00:00:00', '1970-01-01 00:00:00', 1.3722126929674099, 0, -27.45367192862045, 0, 0, 1.5447, -8.83, 0, '', 0, 0.8830723854434347, 1434024597, '2015-06-11 13:09:57', 2),
(6125888, 200, 0, 'GOLD', 2, 0, 1, '2015-06-11 11:52:50', 1180.4, 0, 0, '1970-01-01 00:00:00', '1970-01-01 00:00:00', 0, 0, -17.661759641113044, 0, 0, 1180.3, -8.84, 0, 'From Web', 0, 0.8830723854434347, 1434023570, '2015-06-11 14:43:07', 0),
(6125891, 200, 0, 'GOLD', 2, 0, 1, '2015-06-11 12:08:16', 1180.2, 0, 0, '1970-01-01 00:00:00', '1970-01-01 00:00:00', 0, 0, -17.661759641113044, 0, 0, 1180.3, 8.83, 0, 'From Web', 0, 0.8830723854434347, 1434024496, '2015-06-11 14:43:07', 0),
(6125889, 200, 0, 'GOLD', 2, 0, 1, '2015-06-11 11:53:06', 1180.4, 0, 0, '1970-01-01 00:00:00', '1970-01-01 00:00:00', 0, 0, -17.661759641113044, 0, 0, 1180.3, -8.84, 0, 'From Web', 0, 0.8830723854434347, 1434023586, '2015-06-11 14:43:07', 0),
(6125890, 200, 0, 'GOLD', 2, 0, 1, '2015-06-11 11:53:31', 1180.3, 0, 0, '1970-01-01 00:00:00', '1970-01-01 00:00:00', 0, 0, -17.661759641113044, 0, 0, 1180.3, 0, 0, 'From Web', 0, 0.8830723854434347, 1434023611, '2015-06-11 14:43:07', 0);

--|||

CREATE TABLE IF NOT EXISTS `mt4_open_pending` (
  `TICKET` int(11) NOT NULL,
  `LOGIN` int(11) NOT NULL,
  `server_id` tinyint(1) NOT NULL,
  `SYMBOL` char(16) NOT NULL,
  `DIGITS` int(11) NOT NULL,
  `CMD` int(11) NOT NULL,
  `VOLUME` int(11) NOT NULL,
  `OPEN_TIME` datetime NOT NULL,
  `OPEN_PRICE` double NOT NULL,
  `SL` double NOT NULL,
  `TP` double NOT NULL,
  `CLOSE_TIME` datetime NOT NULL,
  `EXPIRATION` datetime NOT NULL,
  `CONV_RATE1` double NOT NULL,
  `CONV_RATE2` double NOT NULL,
  `COMMISSION` double NOT NULL,
  `COMMISSION_AGENT` double NOT NULL,
  `SWAPS` double NOT NULL,
  `CLOSE_PRICE` double NOT NULL,
  `PROFIT` double NOT NULL,
  `TAXES` double NOT NULL,
  `COMMENT` char(32) NOT NULL,
  `INTERNAL_ID` int(11) NOT NULL,
  `MARGIN_RATE` double NOT NULL,
  `TIMESTAMP` int(11) NOT NULL,
  `MODIFY_TIME` datetime NOT NULL,
  `REASON` int(11) NOT NULL DEFAULT '0',
  PRIMARY KEY (`TICKET`),
  KEY `INDEX_LOGIN` (`LOGIN`),
  KEY `INDEX_CMD` (`CMD`),
  KEY `INDEX_OPENTIME` (`OPEN_TIME`),
  KEY `INDEX_CLOSETIME` (`CLOSE_TIME`),
  KEY `INDEX_STAMP` (`TIMESTAMP`)
) ENGINE=MyISAM DEFAULT CHARSET=utf8;

--|||

CREATE TABLE IF NOT EXISTS `mt4_trades` (
  `TICKET` int(11) NOT NULL,
  `LOGIN` int(11) NOT NULL,
  `server_id` tinyint(1) NOT NULL,
  `SYMBOL` char(16) NOT NULL,
  `DIGITS` int(11) NOT NULL,
  `CMD` int(11) NOT NULL,
  `VOLUME` int(11) NOT NULL,
  `OPEN_TIME` datetime NOT NULL,
  `OPEN_PRICE` double NOT NULL,
  `SL` double NOT NULL,
  `TP` double NOT NULL,
  `CLOSE_TIME` datetime NOT NULL,
  `EXPIRATION` datetime NOT NULL,
  `CONV_RATE1` double NOT NULL,
  `CONV_RATE2` double NOT NULL,
  `COMMISSION` double NOT NULL,
  `COMMISSION_AGENT` double NOT NULL,
  `SWAPS` double NOT NULL,
  `CLOSE_PRICE` double NOT NULL,
  `PROFIT` double NOT NULL,
  `TAXES` double NOT NULL,
  `COMMENT` char(32) NOT NULL,
  `INTERNAL_ID` int(11) NOT NULL,
  `MARGIN_RATE` double NOT NULL,
  `TIMESTAMP` int(11) NOT NULL,
  `MODIFY_TIME` datetime NOT NULL,
  `REASON` int(11) NOT NULL DEFAULT '0',
  PRIMARY KEY (`TICKET`),
  KEY `INDEX_LOGIN` (`LOGIN`),
  KEY `INDEX_CMD` (`CMD`),
  KEY `INDEX_OPENTIME` (`OPEN_TIME`),
  KEY `INDEX_CLOSETIME` (`CLOSE_TIME`),
  KEY `INDEX_STAMP` (`TIMESTAMP`)
) ENGINE=MyISAM DEFAULT CHARSET=utf8;

--|||

INSERT INTO `mt4_trades` (`TICKET`, `LOGIN`, `server_id`, `SYMBOL`, `DIGITS`, `CMD`, `VOLUME`, `OPEN_TIME`, `OPEN_PRICE`, `SL`, `TP`, `CLOSE_TIME`, `EXPIRATION`, `CONV_RATE1`, `CONV_RATE2`, `COMMISSION`, `COMMISSION_AGENT`, `SWAPS`, `CLOSE_PRICE`, `PROFIT`, `TAXES`, `COMMENT`, `INTERNAL_ID`, `MARGIN_RATE`, `TIMESTAMP`, `MODIFY_TIME`, `REASON`) VALUES
(6125864, 200, 0, 'GBPUSD', 4, 1, 0, '2015-06-10 15:39:47', 1.5514, 0, 0, '2015-06-10 15:40:07', '1970-01-01 00:00:00', 1.3697691938908294, 1.3697691938908294, 0, 0, 0, 1.5514, 0, 0, 'close hedge by #6125865', 0, 0.8830606883458065, 1433950808, '2015-06-10 16:40:07', 2),
(6125868, 200, 0, 'GBPUSD', 4, 0, 100, '2015-06-10 15:40:43', 1.5512, 0, 0, '2015-06-10 15:41:10', '1970-01-01 00:00:00', 1.3695815928233923, 1.3693940431359122, -27.397260273972602, 0, 0, 1.5512, 0, 0, 'partial close', 0, 0.8829398364795423, 1433950871, '2015-06-10 16:41:10', 2),
(6125870, 200, 0, 'GBPUSD', 4, 1, 100, '2015-06-10 15:41:51', 1.5512, 0, 0, '2015-06-10 15:42:03', '1970-01-01 00:00:00', 1.3695815928233923, 1.3697691938908294, -54.80578226721876, 0, 0, 1.5512, 0, 0, 'to #6125871', 0, 0.8829359385829759, 1433950924, '2015-06-10 16:42:04', 2),
(6125869, 200, 0, 'GBPUSD', 4, 0, 100, '2015-06-10 15:41:46', 1.5512, 0, 0, '2015-06-10 15:42:14', '1970-01-01 00:00:00', 1.3695815928233923, 1.3697691938908294, -54.80578226721876, 0, 0, 1.5512, 0, 0, 'to #6125872', 0, 0.8829359385829761, 1433950935, '2015-06-10 16:42:14', 2),
(6125861, 200, 0, 'GBPUSD', 4, 1, 100, '2015-06-10 15:39:18', 1.5515, 0, 0, '2015-06-10 15:39:29', '1970-01-01 00:00:00', 1.3697691938908294, 1.3697691938908294, -109.61907371882708, 0, 0, 1.5515, 0, 0, '', 0, 0.8828969615101069, 1433950770, '2015-06-10 16:39:29', 2),
(6125862, 200, 0, 'GBPUSD', 4, 0, 0, '2015-06-10 15:39:24', 1.5515, 0, 0, '2015-06-10 15:39:29', '1970-01-01 00:00:00', 1.3697691938908294, 1.3697691938908294, 0, 0, 0, 1.5515, 0, 0, 'close hedge by #6125861', 0, 0.8828969615101069, 1433950770, '2015-06-10 16:39:29', 2),
(6125863, 200, 0, 'GBPUSD', 4, 0, 100, '2015-06-10 15:39:40', 1.5515, 0, 0, '2015-06-10 15:39:58', '1970-01-01 00:00:00', 1.3697691938908294, 1.3697691938908294, -54.80953685941354, 0, 0, 1.5512, -26.49, 0, 'to #6125865', 0, 0.8829671227191856, 1433950799, '2015-06-10 16:39:58', 2),
(6125865, 200, 0, 'GBPUSD', 4, 0, 100, '2015-06-10 15:39:40', 1.5515, 0, 0, '2015-06-10 15:40:07', '1970-01-01 00:00:00', 1.3697691938908294, 1.3697691938908294, -82.21430528912032, 0, 0, 1.5514, -8.83, 0, 'from #6125863', 0, 0.8831074785956824, 1433950808, '2015-06-10 16:40:07', 2),
(6125866, 200, 0, 'GBPUSD', 4, 0, 100, '2015-06-10 15:40:43', 1.5512, 0, 0, '2015-06-10 15:40:55', '1970-01-01 00:00:00', 1.3695815928233923, 1.3695815928233923, -109.60405535004796, 0, 0, 1.5512, 0, 0, 'partial close', 0, 0.8829437344105246, 1433950856, '2015-06-10 16:40:56', 2),
(6125867, 200, 0, 'GBPUSD', 4, 1, 0, '2015-06-10 15:40:47', 1.5512, 0, 0, '2015-06-10 15:40:55', '1970-01-01 00:00:00', 1.3695815928233923, 0, 0, 0, 0, 1.5512, 0, 0, 'close hedge by #6125866', 0, 0.8828852690592858, 1433950856, '2015-06-10 16:40:56', 2),
(6125871, 200, 0, 'GBPUSD', 4, 1, 0, '2015-06-10 15:41:51', 1.5512, 0, 0, '2015-06-10 15:42:22', '1970-01-01 00:00:00', 1.3697691938908294, 1.3697691938908294, 0, 0, 0, 1.5512, 0, 0, 'close hedge by #6125872', 0, 0.8830333963230489, 1433950943, '2015-06-10 16:42:22', 2),
(6125872, 200, 0, 'GBPUSD', 4, 0, 100, '2015-06-10 15:41:46', 1.5512, 0, 0, '2015-06-10 15:42:22', '1970-01-01 00:00:00', 1.3697691938908294, 1.3697691938908294, -82.21430528912032, 0, 0, 1.5512, 0, 0, 'from #6125869', 0, 0.8830879820556522, 1433950943, '2015-06-10 16:42:22', 2),
(6125874, 200, 0, 'GBPUSD', 4, 0, 0, '2015-06-10 16:07:27', 1.5538, 0, 0, '2015-06-10 16:07:31', '1970-01-01 00:00:00', 1.3716480351141898, 1.3716480351141898, 0, 0, 0, 1.5538, 0, 0, 'close hedge by #6125873', 0, 0.8828540907044293, 1433952452, '2015-06-10 17:07:33', 2),
(6125873, 200, 0, 'GBPUSD', 4, 1, 100, '2015-06-10 16:07:22', 1.5538, 0, 0, '2015-06-10 16:07:31', '1970-01-01 00:00:00', 1.3716480351141898, 1.3716480351141898, -109.76948408342481, 0, 0, 1.5538, 0, 0, '', 0, 0.8828735769181532, 1433952452, '2015-06-10 17:07:33', 2),
(6125875, 200, 0, 'GBPUSD', 4, 1, 100, '2015-06-10 16:07:41', 1.5537, 0, 0, '2015-06-10 16:07:51', '1970-01-01 00:00:00', 1.3714599190838648, 1.3716480351141898, -109.76948408342481, 0, 0, 1.5539, -17.66, 0, 'partial close', 0, 0.8827839474566995, 1433952472, '2015-06-10 17:07:51', 2),
(6125876, 200, 0, 'GBPUSD', 4, 0, 0, '2015-06-10 16:07:47', 1.5539, 0, 0, '2015-06-10 16:07:51', '1970-01-01 00:00:00', 1.3714599190838648, 0, 0, 0, 0, 1.5539, 0, 0, 'close hedge by #6125875', 0, 0.882616428139577, 1433952472, '2015-06-10 17:07:51', 2),
(6125877, 200, 0, 'GBPUSD', 4, 1, 100, '2015-06-10 16:07:41', 1.5537, 0, 0, '2015-06-10 16:08:02', '1970-01-01 00:00:00', 1.3716480351141898, 1.3716480351141898, -27.442371020856204, 0, 0, 1.5536, 8.83, 0, 'partial close', 0, 0.882780050936409, 1433952483, '2015-06-10 17:08:02', 2),
(6125878, 200, 0, 'GBPUSD', 4, 1, 100, '2015-06-10 16:08:23', 1.5529, 0, 0, '2015-06-10 16:08:40', '1970-01-01 00:00:00', 1.3720244220347122, 1.3722126929674099, -82.36101578586135, 0, 0, 1.553, -8.84, 0, '', 0, 0.8835717504439948, 1433952521, '2015-06-10 17:08:40', 2),
(6125879, 200, 0, 'GBPUSD', 4, 0, 100, '2015-06-10 16:08:29', 1.553, 0, 0, '2015-06-10 16:08:36', '1970-01-01 00:00:00', 1.3720244220347122, 1.3720244220347122, -54.899807850672524, 0, 0, 1.5531, 8.83, 0, 'to #6125880', 0, 0.8835249109848653, 1433952517, '2015-06-10 17:08:36', 2),
(6125880, 200, 0, 'GBPUSD', 4, 0, 0, '2015-06-10 16:08:29', 1.553, 0, 0, '2015-06-10 16:08:40', '1970-01-01 00:00:00', 1.3720244220347122, 1.3722126929674099, 0, 0, 0, 1.553, 0, 0, 'close hedge by #6125878', 0, 0.8835053960092063, 1433952521, '2015-06-10 17:08:40', 2),
(6125883, 200, 0, 'GBPUSD', 4, 0, 0, '2015-06-10 16:09:01', 1.5525, 0, 0, '2015-06-10 16:09:23', '1970-01-01 00:00:00', 1.3727778159104949, 1.3725893898840162, 0, 0, 0, 1.5525, 0, 0, 'close hedge by #6125884', 0, 0.8842514811212309, 1433952564, '2015-06-10 17:09:24', 2),
(6125881, 200, 0, 'GBPUSD', 4, 1, 50, '2015-06-10 16:08:55', 1.5525, 0, 0, '2015-06-10 16:09:13', '1970-01-01 00:00:00', 1.3727778159104949, 1.3725893898840162, -54.926193187168444, 0, 0, 1.5525, 0, 0, 'to #6125884', 0, 0.8842084786751019, 1433952554, '2015-06-10 17:09:13', 2),
(6125882, 200, 0, 'GBPUSD', 4, 0, 50, '2015-06-10 16:09:01', 1.5525, 0, 0, '2015-06-10 16:09:07', '1970-01-01 00:00:00', 1.3724010155767514, 1.3727778159104949, -54.92242311426352, 0, 0, 1.5523, -8.84, 0, 'to #6125883', 0, 0.8840951286358413, 1433952548, '2015-06-10 17:09:07', 2),
(6125884, 200, 0, 'GBPUSD', 4, 1, 50, '2015-06-10 16:08:55', 1.5525, 0, 0, '2015-06-10 16:09:23', '1970-01-01 00:00:00', 1.3725893898840162, 1.3725893898840162, -54.92242207881368, 0, 0, 1.5525, 0, 0, 'from #6125881', 0, 0.8842632097870251, 1433952564, '2015-06-10 17:09:24', 2),
(6125887, 200, 0, 'GBPUSD', 4, 1, 100, '2015-06-11 10:26:51', 1.5446, 0, 0, '1970-01-01 00:00:00', '1970-01-01 00:00:00', 1.3722126929674099, 0, -27.45367192862045, 0, 0, 1.5447, -8.83, 0, '', 0, 0.8830723854434347, 1434024597, '2015-06-11 13:09:57', 2),
(6125885, 200, 0, 'GBPUSD', 4, 1, 100, '2015-06-10 16:10:08', 1.552, 0, 0, '2015-06-10 16:10:14', '1970-01-01 00:00:00', 1.373532037634778, 1.3733434045182997, -54.956378634008, 0, 0, 1.5521, -8.85, 0, 'to #6125886', 0, 0.8850419067342838, 1433952615, '2015-06-10 17:10:14', 2),
(6125886, 200, 0, 'GBPUSD', 4, 1, 100, '2015-06-10 16:10:08', 1.552, 0, 0, '2015-06-10 16:10:23', '1970-01-01 00:00:00', 1.3733434045182997, 1.3733434045182997, -27.476301689792553, 0, 0, 1.5519, 8.86, 0, 'from #6125885', 0, 0.8849988273765538, 1433952624, '2015-06-10 17:10:23', 2),
(6125888, 200, 0, 'GOLD', 2, 0, 1, '2015-06-11 11:52:50', 1180.4, 0, 0, '1970-01-01 00:00:00', '1970-01-01 00:00:00', 0, 0, -17.661759641113044, 0, 0, 1180.3, -8.84, 0, 'From Web', 0, 0.8830723854434347, 1434023570, '2015-06-11 14:43:07', 0),
(6125891, 200, 0, 'GOLD', 2, 0, 1, '2015-06-11 12:08:16', 1180.2, 0, 0, '1970-01-01 00:00:00', '1970-01-01 00:00:00', 0, 0, -17.661759641113044, 0, 0, 1180.3, 8.83, 0, 'From Web', 0, 0.8830723854434347, 1434024496, '2015-06-11 14:43:07', 0),
(6125889, 200, 0, 'GOLD', 2, 0, 1, '2015-06-11 11:53:06', 1180.4, 0, 0, '1970-01-01 00:00:00', '1970-01-01 00:00:00', 0, 0, -17.661759641113044, 0, 0, 1180.3, -8.84, 0, 'From Web', 0, 0.8830723854434347, 1434023586, '2015-06-11 14:43:07', 0),
(6125890, 200, 0, 'GOLD', 2, 0, 1, '2015-06-11 11:53:31', 1180.3, 0, 0, '1970-01-01 00:00:00', '1970-01-01 00:00:00', 0, 0, -17.661759641113044, 0, 0, 1180.3, 0, 0, 'From Web', 0, 0.8830723854434347, 1434023611, '2015-06-11 14:43:07', 0);

--|||
DROP TABLE IF EXISTS `mt4_closed`;
--|||
CREATE ALGORITHM=UNDEFINED DEFINER=`root`@`localhost` SQL SECURITY DEFINER VIEW `mt4_closed` AS select `mt4_closed_actual`.`TICKET` AS `TICKET`,`mt4_closed_actual`.`LOGIN` AS `LOGIN`,`mt4_closed_actual`.`server_id` AS `server_id`,`mt4_closed_actual`.`SYMBOL` AS `SYMBOL`,`mt4_closed_actual`.`DIGITS` AS `DIGITS`,`mt4_closed_actual`.`CMD` AS `CMD`,`mt4_closed_actual`.`VOLUME` AS `VOLUME`,`mt4_closed_actual`.`OPEN_TIME` AS `OPEN_TIME`,`mt4_closed_actual`.`OPEN_PRICE` AS `OPEN_PRICE`,`mt4_closed_actual`.`SL` AS `SL`,`mt4_closed_actual`.`TP` AS `TP`,`mt4_closed_actual`.`CLOSE_TIME` AS `CLOSE_TIME`,`mt4_closed_actual`.`EXPIRATION` AS `EXPIRATION`,`mt4_closed_actual`.`CONV_RATE1` AS `CONV_RATE1`,`mt4_closed_actual`.`CONV_RATE2` AS `CONV_RATE2`,`mt4_closed_actual`.`COMMISSION` AS `COMMISSION`,`mt4_closed_actual`.`COMMISSION_AGENT` AS `COMMISSION_AGENT`,`mt4_closed_actual`.`SWAPS` AS `SWAPS`,`mt4_closed_actual`.`CLOSE_PRICE` AS `CLOSE_PRICE`,`mt4_closed_actual`.`PROFIT` AS `PROFIT`,`mt4_closed_actual`.`TAXES` AS `TAXES`,`mt4_closed_actual`.`COMMENT` AS `COMMENT`,`mt4_closed_actual`.`INTERNAL_ID` AS `INTERNAL_ID`,`mt4_closed_actual`.`MARGIN_RATE` AS `MARGIN_RATE`,`mt4_closed_actual`.`TIMESTAMP` AS `TIMESTAMP`,`mt4_closed_actual`.`MODIFY_TIME` AS `MODIFY_TIME`,`mt4_closed_actual`.`REASON` AS `REASON` from `mt4_closed_actual` union select `mt4_closed_balance`.`TICKET` AS `TICKET`,`mt4_closed_balance`.`LOGIN` AS `LOGIN`,`mt4_closed_balance`.`server_id` AS `server_id`,`mt4_closed_balance`.`SYMBOL` AS `SYMBOL`,`mt4_closed_balance`.`DIGITS` AS `DIGITS`,`mt4_closed_balance`.`CMD` AS `CMD`,`mt4_closed_balance`.`VOLUME` AS `VOLUME`,`mt4_closed_balance`.`OPEN_TIME` AS `OPEN_TIME`,`mt4_closed_balance`.`OPEN_PRICE` AS `OPEN_PRICE`,`mt4_closed_balance`.`SL` AS `SL`,`mt4_closed_balance`.`TP` AS `TP`,`mt4_closed_balance`.`CLOSE_TIME` AS `CLOSE_TIME`,`mt4_closed_balance`.`EXPIRATION` AS `EXPIRATION`,`mt4_closed_balance`.`CONV_RATE1` AS `CONV_RATE1`,`mt4_closed_balance`.`CONV_RATE2` AS `CONV_RATE2`,`mt4_closed_balance`.`COMMISSION` AS `COMMISSION`,`mt4_closed_balance`.`COMMISSION_AGENT` AS `COMMISSION_AGENT`,`mt4_closed_balance`.`SWAPS` AS `SWAPS`,`mt4_closed_balance`.`CLOSE_PRICE` AS `CLOSE_PRICE`,`mt4_closed_balance`.`PROFIT` AS `PROFIT`,`mt4_closed_balance`.`TAXES` AS `TAXES`,`mt4_closed_balance`.`COMMENT` AS `COMMENT`,`mt4_closed_balance`.`INTERNAL_ID` AS `INTERNAL_ID`,`mt4_closed_balance`.`MARGIN_RATE` AS `MARGIN_RATE`,`mt4_closed_balance`.`TIMESTAMP` AS `TIMESTAMP`,`mt4_closed_balance`.`MODIFY_TIME` AS `MODIFY_TIME`,`mt4_closed_balance`.`REASON` AS `REASON` from `mt4_closed_balance` union select `mt4_closed_pending`.`TICKET` AS `TICKET`,`mt4_closed_pending`.`LOGIN` AS `LOGIN`,`mt4_closed_pending`.`server_id` AS `server_id`,`mt4_closed_pending`.`SYMBOL` AS `SYMBOL`,`mt4_closed_pending`.`DIGITS` AS `DIGITS`,`mt4_closed_pending`.`CMD` AS `CMD`,`mt4_closed_pending`.`VOLUME` AS `VOLUME`,`mt4_closed_pending`.`OPEN_TIME` AS `OPEN_TIME`,`mt4_closed_pending`.`OPEN_PRICE` AS `OPEN_PRICE`,`mt4_closed_pending`.`SL` AS `SL`,`mt4_closed_pending`.`TP` AS `TP`,`mt4_closed_pending`.`CLOSE_TIME` AS `CLOSE_TIME`,`mt4_closed_pending`.`EXPIRATION` AS `EXPIRATION`,`mt4_closed_pending`.`CONV_RATE1` AS `CONV_RATE1`,`mt4_closed_pending`.`CONV_RATE2` AS `CONV_RATE2`,`mt4_closed_pending`.`COMMISSION` AS `COMMISSION`,`mt4_closed_pending`.`COMMISSION_AGENT` AS `COMMISSION_AGENT`,`mt4_closed_pending`.`SWAPS` AS `SWAPS`,`mt4_closed_pending`.`CLOSE_PRICE` AS `CLOSE_PRICE`,`mt4_closed_pending`.`PROFIT` AS `PROFIT`,`mt4_closed_pending`.`TAXES` AS `TAXES`,`mt4_closed_pending`.`COMMENT` AS `COMMENT`,`mt4_closed_pending`.`INTERNAL_ID` AS `INTERNAL_ID`,`mt4_closed_pending`.`MARGIN_RATE` AS `MARGIN_RATE`,`mt4_closed_pending`.`TIMESTAMP` AS `TIMESTAMP`,`mt4_closed_pending`.`MODIFY_TIME` AS `MODIFY_TIME`,`mt4_closed_pending`.`REASON` AS `REASON` from `mt4_closed_pending`;

--|||
DROP TABLE IF EXISTS `mt4_closed_actual_balance`;
--|||
CREATE ALGORITHM=UNDEFINED DEFINER=`root`@`localhost` SQL SECURITY DEFINER VIEW `mt4_closed_actual_balance` AS select `mt4_closed_actual`.`TICKET` AS `TICKET`,`mt4_closed_actual`.`LOGIN` AS `LOGIN`,`mt4_closed_actual`.`server_id` AS `server_id`,`mt4_closed_actual`.`SYMBOL` AS `SYMBOL`,`mt4_closed_actual`.`DIGITS` AS `DIGITS`,`mt4_closed_actual`.`CMD` AS `CMD`,`mt4_closed_actual`.`VOLUME` AS `VOLUME`,`mt4_closed_actual`.`OPEN_TIME` AS `OPEN_TIME`,`mt4_closed_actual`.`OPEN_PRICE` AS `OPEN_PRICE`,`mt4_closed_actual`.`SL` AS `SL`,`mt4_closed_actual`.`TP` AS `TP`,`mt4_closed_actual`.`CLOSE_TIME` AS `CLOSE_TIME`,`mt4_closed_actual`.`EXPIRATION` AS `EXPIRATION`,`mt4_closed_actual`.`CONV_RATE1` AS `CONV_RATE1`,`mt4_closed_actual`.`CONV_RATE2` AS `CONV_RATE2`,`mt4_closed_actual`.`COMMISSION` AS `COMMISSION`,`mt4_closed_actual`.`COMMISSION_AGENT` AS `COMMISSION_AGENT`,`mt4_closed_actual`.`SWAPS` AS `SWAPS`,`mt4_closed_actual`.`CLOSE_PRICE` AS `CLOSE_PRICE`,`mt4_closed_actual`.`PROFIT` AS `PROFIT`,`mt4_closed_actual`.`TAXES` AS `TAXES`,`mt4_closed_actual`.`COMMENT` AS `COMMENT`,`mt4_closed_actual`.`INTERNAL_ID` AS `INTERNAL_ID`,`mt4_closed_actual`.`MARGIN_RATE` AS `MARGIN_RATE`,`mt4_closed_actual`.`TIMESTAMP` AS `TIMESTAMP`,`mt4_closed_actual`.`MODIFY_TIME` AS `MODIFY_TIME`,`mt4_closed_actual`.`REASON` AS `REASON` from `mt4_closed_actual` union select `mt4_closed_balance`.`TICKET` AS `TICKET`,`mt4_closed_balance`.`LOGIN` AS `LOGIN`,`mt4_closed_balance`.`server_id` AS `server_id`,`mt4_closed_balance`.`SYMBOL` AS `SYMBOL`,`mt4_closed_balance`.`DIGITS` AS `DIGITS`,`mt4_closed_balance`.`CMD` AS `CMD`,`mt4_closed_balance`.`VOLUME` AS `VOLUME`,`mt4_closed_balance`.`OPEN_TIME` AS `OPEN_TIME`,`mt4_closed_balance`.`OPEN_PRICE` AS `OPEN_PRICE`,`mt4_closed_balance`.`SL` AS `SL`,`mt4_closed_balance`.`TP` AS `TP`,`mt4_closed_balance`.`CLOSE_TIME` AS `CLOSE_TIME`,`mt4_closed_balance`.`EXPIRATION` AS `EXPIRATION`,`mt4_closed_balance`.`CONV_RATE1` AS `CONV_RATE1`,`mt4_closed_balance`.`CONV_RATE2` AS `CONV_RATE2`,`mt4_closed_balance`.`COMMISSION` AS `COMMISSION`,`mt4_closed_balance`.`COMMISSION_AGENT` AS `COMMISSION_AGENT`,`mt4_closed_balance`.`SWAPS` AS `SWAPS`,`mt4_closed_balance`.`CLOSE_PRICE` AS `CLOSE_PRICE`,`mt4_closed_balance`.`PROFIT` AS `PROFIT`,`mt4_closed_balance`.`TAXES` AS `TAXES`,`mt4_closed_balance`.`COMMENT` AS `COMMENT`,`mt4_closed_balance`.`INTERNAL_ID` AS `INTERNAL_ID`,`mt4_closed_balance`.`MARGIN_RATE` AS `MARGIN_RATE`,`mt4_closed_balance`.`TIMESTAMP` AS `TIMESTAMP`,`mt4_closed_balance`.`MODIFY_TIME` AS `MODIFY_TIME`,`mt4_closed_balance`.`REASON` AS `REASON` from `mt4_closed_balance`;

--|||
DROP TABLE IF EXISTS `mt4_open`;
--|||
CREATE ALGORITHM=UNDEFINED DEFINER=`root`@`localhost` SQL SECURITY DEFINER VIEW `mt4_open` AS select `mt4_open_actual`.`TICKET` AS `TICKET`,`mt4_open_actual`.`LOGIN` AS `LOGIN`,`mt4_open_actual`.`server_id` AS `server_id`,`mt4_open_actual`.`SYMBOL` AS `SYMBOL`,`mt4_open_actual`.`DIGITS` AS `DIGITS`,`mt4_open_actual`.`CMD` AS `CMD`,`mt4_open_actual`.`VOLUME` AS `VOLUME`,`mt4_open_actual`.`OPEN_TIME` AS `OPEN_TIME`,`mt4_open_actual`.`OPEN_PRICE` AS `OPEN_PRICE`,`mt4_open_actual`.`SL` AS `SL`,`mt4_open_actual`.`TP` AS `TP`,`mt4_open_actual`.`CLOSE_TIME` AS `CLOSE_TIME`,`mt4_open_actual`.`EXPIRATION` AS `EXPIRATION`,`mt4_open_actual`.`CONV_RATE1` AS `CONV_RATE1`,`mt4_open_actual`.`CONV_RATE2` AS `CONV_RATE2`,`mt4_open_actual`.`COMMISSION` AS `COMMISSION`,`mt4_open_actual`.`COMMISSION_AGENT` AS `COMMISSION_AGENT`,`mt4_open_actual`.`SWAPS` AS `SWAPS`,`mt4_open_actual`.`CLOSE_PRICE` AS `CLOSE_PRICE`,`mt4_open_actual`.`PROFIT` AS `PROFIT`,`mt4_open_actual`.`TAXES` AS `TAXES`,`mt4_open_actual`.`COMMENT` AS `COMMENT`,`mt4_open_actual`.`INTERNAL_ID` AS `INTERNAL_ID`,`mt4_open_actual`.`MARGIN_RATE` AS `MARGIN_RATE`,`mt4_open_actual`.`TIMESTAMP` AS `TIMESTAMP`,`mt4_open_actual`.`MODIFY_TIME` AS `MODIFY_TIME`,`mt4_open_actual`.`REASON` AS `REASON` from `mt4_open_actual` union select `mt4_open_pending`.`TICKET` AS `TICKET`,`mt4_open_pending`.`LOGIN` AS `LOGIN`,`mt4_open_pending`.`server_id` AS `server_id`,`mt4_open_pending`.`SYMBOL` AS `SYMBOL`,`mt4_open_pending`.`DIGITS` AS `DIGITS`,`mt4_open_pending`.`CMD` AS `CMD`,`mt4_open_pending`.`VOLUME` AS `VOLUME`,`mt4_open_pending`.`OPEN_TIME` AS `OPEN_TIME`,`mt4_open_pending`.`OPEN_PRICE` AS `OPEN_PRICE`,`mt4_open_pending`.`SL` AS `SL`,`mt4_open_pending`.`TP` AS `TP`,`mt4_open_pending`.`CLOSE_TIME` AS `CLOSE_TIME`,`mt4_open_pending`.`EXPIRATION` AS `EXPIRATION`,`mt4_open_pending`.`CONV_RATE1` AS `CONV_RATE1`,`mt4_open_pending`.`CONV_RATE2` AS `CONV_RATE2`,`mt4_open_pending`.`COMMISSION` AS `COMMISSION`,`mt4_open_pending`.`COMMISSION_AGENT` AS `COMMISSION_AGENT`,`mt4_open_pending`.`SWAPS` AS `SWAPS`,`mt4_open_pending`.`CLOSE_PRICE` AS `CLOSE_PRICE`,`mt4_open_pending`.`PROFIT` AS `PROFIT`,`mt4_open_pending`.`TAXES` AS `TAXES`,`mt4_open_pending`.`COMMENT` AS `COMMENT`,`mt4_open_pending`.`INTERNAL_ID` AS `INTERNAL_ID`,`mt4_open_pending`.`MARGIN_RATE` AS `MARGIN_RATE`,`mt4_open_pending`.`TIMESTAMP` AS `TIMESTAMP`,`mt4_open_pending`.`MODIFY_TIME` AS `MODIFY_TIME`,`mt4_open_pending`.`REASON` AS `REASON` from `mt4_open_pending`;
--|||

CREATE TABLE IF NOT EXISTS `mt4_prices` (
  `SYMBOL` char(16) NOT NULL,
  `TIME` datetime NOT NULL,
  `BID` double NOT NULL,
  `ASK` double NOT NULL,
  `LOW` double NOT NULL,
  `HIGH` double NOT NULL,
  `DIRECTION` int(11) NOT NULL,
  `DIGITS` int(11) NOT NULL,
  `SPREAD` int(11) NOT NULL,
  `MODIFY_TIME` datetime NOT NULL,
  PRIMARY KEY (`SYMBOL`)
) ENGINE=MyISAM DEFAULT CHARSET=utf8;

--|||
INSERT INTO `mt4_prices` (`SYMBOL`, `TIME`, `BID`, `ASK`, `LOW`, `HIGH`, `DIRECTION`, `DIGITS`, `SPREAD`, `MODIFY_TIME`) VALUES
('RAKPROP', '2015-06-03 10:56:11', 0.65, 0.66, 0.65, 0.66, 0, 2, 0, '2015-06-09 16:18:49'),
('EURNZD', '2015-06-11 10:03:58', 1.6046, 1.6048, 1.6009, 1.6089, 0, 4, 0, '2015-06-11 11:04:02'),
('USDAED', '2015-06-03 13:47:37', 3.672, 3.674, 3.672, 3.672, 0, 4, 20, '2015-06-09 16:07:34'),
('ALDAR', '2015-06-03 11:48:38', 2.75, 2.76, 2.73, 2.76, 0, 2, 0, '2015-06-09 16:18:49'),
('USDEGP', '2015-06-02 15:48:09', 7.629, 7.631, 7.629, 7.629, 0, 4, 20, '2015-06-09 16:18:49'),
('GOLD', '2015-06-11 13:43:50', 1179.9, 1180.4, 1178.4, 1184.4, 1, 2, 50, '2015-06-11 14:43:51'),
('WAHA', '2015-06-03 11:49:37', 2.46, 2.4699999999999998, 2.44, 2.46, 0, 2, 0, '2015-06-09 16:18:49'),
('USDCAD', '2015-06-11 10:03:24', 1.23, 1.2301, 1.2264, 1.2309, 0, 4, 0, '2015-06-11 11:03:27'),
('GBPUSDfup', '2015-06-11 10:27:23', 1.5446900000000001, 1.5446900000000001, 1.54299, 1.55169, 0, 5, 0, '2015-06-11 11:27:26'),
('GBPCHF', '2015-06-11 10:03:59', 1.44286, 1.44303, 1.43878, 1.44627, 0, 5, 0, '2015-06-11 11:04:01'),
('SPT_Gold', '2015-05-31 16:22:03', 1197, 1197.5, 1190, 1197, 0, 2, 50, '2015-06-09 16:18:49'),
('CHFJPY', '2015-06-11 10:03:55', 132.22, 132.23, 131.66, 132.44, 1, 2, 0, '2015-06-11 11:04:02'),
('GBPUSDcfgi.', '2015-06-11 10:27:23', 1.5446900000000001, 1.5446900000000001, 1.54299, 1.55169, 0, 5, 0, '2015-06-11 11:27:26'),
('GBPUSDfup.', '2015-06-11 10:27:23', 1.5446900000000001, 1.5446900000000001, 1.54299, 1.55169, 0, 5, 0, '2015-06-11 11:27:26'),
('USDCHF', '2015-06-11 10:03:58', 0.93418, 0.93423, 0.93172, 0.93445, 0, 5, 0, '2015-06-11 11:04:01'),
('GBPAUD', '2015-06-11 10:03:57', 1.9947, 1.9949, 1.9904, 2.0054, 1, 4, 0, '2015-06-11 11:04:02'),
('GBPUSDcfgi', '2015-06-11 10:27:23', 1.5446900000000001, 1.5446900000000001, 1.54299, 1.55169, 0, 5, 0, '2015-06-11 11:27:25'),
('MANAZEL', '2015-06-03 10:31:55', 0.62, 0.63, 0.61, 0.62, 0, 2, 0, '2015-06-09 16:18:49'),
('GBPUSDcfgm', '2015-06-11 10:27:23', 1.5446900000000001, 1.5446900000000001, 1.54299, 1.55169, 0, 5, 0, '2015-06-11 11:27:25'),
('GBPUSDfui.', '2015-06-11 10:27:23', 1.5446900000000001, 1.5446900000000001, 1.54299, 1.55169, 0, 5, 0, '2015-06-11 11:27:26'),
('USDSAR', '2015-06-03 15:52:30', 3.7493, 3.7513, 3.7493, 3.7493, 0, 4, 20, '2015-06-09 16:18:49'),
('CHF0M.', '1970-01-01 00:00:00', 0, 0, 0, 0, 2, 4, 0, '2015-06-09 16:18:47'),
('KSI', '1970-01-01 00:00:00', 0, 0, 0, 0, 2, 2, 5, '2015-06-09 16:18:48'),
('CAD0M.', '1970-01-01 00:00:00', 0, 0, 0, 0, 2, 4, 0, '2015-06-09 16:18:48'),
('EURNOK', '1970-01-01 00:00:00', 0, 0, 0, 0, 2, 4, 0, '2015-06-09 16:18:47'),
('GBPUSDsp', '2015-06-11 10:27:23', 1.5446900000000001, 1.5446900000000001, 1.54299, 1.55169, 0, 5, 0, '2015-06-11 11:27:25'),
('GBPUSDmr', '2015-06-11 10:27:23', 1.5446900000000001, 1.5446900000000001, 1.54299, 1.55169, 0, 5, 0, '2015-06-11 11:27:25'),
('EURCHF', '2015-06-11 10:03:58', 1.0513, 1.0518, 1.0507, 1.0552, 0, 4, 5, '2015-06-11 11:04:01'),
('GBPUSD', '2015-06-11 10:27:23', 1.5447, 1.5447, 1.5430000000000001, 1.5516999999999999, 0, 4, 0, '2015-06-11 11:27:25'),
('SILVER', '2015-05-28 18:09:35', 16.62, 16.67, 16.52, 16.75, 0, 2, 5, '2015-06-09 16:18:46'),
('GBPUSDcfgp.', '2015-06-11 10:27:23', 1.5446900000000001, 1.5446900000000001, 1.54299, 1.55169, 0, 5, 0, '2015-06-11 11:27:25'),
('GBPUSDcfgp', '2015-06-11 10:27:23', 1.5446900000000001, 1.5446900000000001, 1.54299, 1.55169, 0, 5, 0, '2015-06-11 11:27:25'),
('AUDCHF', '2015-06-11 10:03:48', 0.7233, 0.7234, 0.7208, 0.7236, 0, 4, 0, '2015-06-11 11:03:48'),
('AUDNZD', '2015-06-11 10:03:57', 1.1039, 1.1041, 1.0948, 1.1054, 0, 4, 0, '2015-06-11 11:04:02'),
('AUDCAD', '2015-06-11 10:03:54', 0.9524, 0.9525, 0.9491, 0.9534, 0, 4, 0, '2015-06-11 11:03:55'),
('GBPUSDfu.', '2015-06-11 10:27:23', 1.5446900000000001, 1.5446900000000001, 1.54299, 1.55169, 0, 5, 0, '2015-06-11 11:27:26'),
('EURCAD', '2015-06-11 10:03:58', 1.3844, 1.3845, 1.3841999999999999, 1.389, 0, 4, 0, '2015-06-11 11:04:02'),
('ESHRAQ', '2015-06-03 11:35:14', 0.79, 0.8, 0.79, 0.81, 0, 2, 0, '2015-06-09 16:18:49'),
('EURJPY', '2015-06-11 10:03:58', 139.01, 139.06, 138.89, 139.29, 0, 2, 5, '2015-06-11 11:04:01'),
('GBPUSDfu', '2015-06-11 10:27:23', 1.5446900000000001, 1.5446900000000001, 1.54299, 1.55169, 0, 5, 0, '2015-06-11 11:27:26'),
('GOLD21', '2015-06-11 13:43:50', 32.986, 33.036, 32.943, 33.113, 1, 3, 50, '2015-06-11 14:43:51'),
('GBPNZD', '2015-06-11 10:03:59', 2.202, 2.2023, 2.1946, 2.2027, 0, 4, 0, '2015-06-11 11:04:02'),
('NZDUSD', '2015-06-11 10:03:59', 0.7014, 0.7014, 0.7012, 0.7066, 0, 4, 0, '2015-06-11 11:04:02'),
('AUDUSD', '2015-06-11 10:03:57', 0.7743, 0.7743, 0.7735, 0.7758, 0, 4, 0, '2015-06-11 11:04:01'),
('GBPUSDcfg', '2015-06-11 10:27:23', 1.5446900000000001, 1.5446900000000001, 1.54299, 1.55169, 0, 5, 0, '2015-06-11 11:27:25'),
('GBPJPY', '2015-06-11 10:03:59', 190.785, 190.796, 190.383, 190.855, 0, 3, 0, '2015-06-11 11:04:01'),
('EURGBP', '2015-06-11 10:03:57', 0.7285, 0.729, 0.7283, 0.7311, 0, 4, 5, '2015-06-11 11:04:01'),
('AUDJPY', '2015-06-11 10:03:59', 95.65, 95.65, 94.94, 95.69, 0, 2, 0, '2015-06-11 11:04:02'),
('DANA', '2015-06-03 11:51:04', 0.42, 0.42, 0.4, 0.42, 0, 2, 0, '2015-06-09 16:18:49'),
('GBPUSDfum', '2015-06-11 10:27:23', 1.5446900000000001, 1.5446900000000001, 1.54299, 1.55169, 0, 5, 0, '2015-06-11 11:27:26'),
('USDJPY', '2015-06-11 10:03:59', 123.525, 123.526, 122.716, 123.576, 1, 3, 0, '2015-06-11 11:04:01'),
('GBPUSDfui', '2015-06-11 10:27:23', 1.5446900000000001, 1.5446900000000001, 1.54299, 1.55169, 0, 5, 0, '2015-06-11 11:27:26'),
('AUD0M.', '1970-01-01 00:00:00', 0, 0, 0, 0, 2, 4, 0, '2015-06-09 16:18:47'),
('DAX', '1970-01-01 00:00:00', 0, 0, 0, 0, 2, 1, 25, '2015-06-09 16:18:48'),
('USDNOK', '2015-06-11 10:03:58', 7.7758, 7.7785, 7.7725, 7.8024000000000004, 0, 4, 0, '2015-06-11 11:04:02'),
('USDSGD', '1970-01-01 00:00:00', 0, 0, 0, 0, 2, 4, 0, '2015-06-09 16:18:47'),
('EURDKK', '1970-01-01 00:00:00', 0, 0, 0, 0, 2, 4, 0, '2015-06-09 16:18:47'),
('USDZAR', '2015-06-11 10:03:54', 12.4239, 12.4251, 12.3115, 12.4367, 0, 4, 0, '2015-06-11 11:03:55'),
('JPY0M.', '1970-01-01 00:00:00', 0, 0, 0, 0, 2, 4, 0, '2015-06-09 16:18:47'),
('USDHKD', '1970-01-01 00:00:00', 0, 0, 0, 0, 2, 4, 0, '2015-06-09 16:18:47'),
('S&P0U', '1970-01-01 00:00:00', 0, 0, 0, 0, 2, 2, 0, '2015-06-09 16:18:48'),
('OIL0J', '1970-01-01 00:00:00', 0, 0, 0, 0, 2, 2, 5, '2015-06-09 16:18:48'),
('USDDKK', '2015-06-11 10:03:59', 6.6286000000000005, 6.6296, 6.5878, 6.6311, 1, 4, 0, '2015-06-11 11:04:02'),
('DJI0U', '1970-01-01 00:00:00', 0, 0, 0, 0, 2, 0, 0, '2015-06-09 16:18:48'),
('GBPUSDint', '2015-06-11 10:27:23', 1.5446, 1.5446, 1.5429, 1.5516, 0, 4, 0, '2015-06-11 11:27:25'),
('EURUSD', '2015-06-11 00:31:00', 1.13239, 1.13243, 1.13132, 1.13248, 0, 5, 0, '2015-06-11 01:31:02'),
('OIL010', '1970-01-01 00:00:00', 0, 0, 0, 0, 2, 2, 5, '2015-06-09 16:18:48'),
('NSDQ0U', '1970-01-01 00:00:00', 0, 0, 0, 0, 2, 2, 0, '2015-06-09 16:18:48'),
('OIL0L', '1970-01-01 00:00:00', 0, 0, 0, 0, 2, 2, 5, '2015-06-09 16:18:48'),
('EURSEK', '1970-01-01 00:00:00', 0, 0, 0, 0, 2, 4, 0, '2015-06-09 16:18:47'),
('S&P0910', '1970-01-01 00:00:00', 0, 0, 0, 0, 2, 2, 0, '2015-06-09 16:18:48'),
('OIL0Z', '1970-01-01 00:00:00', 0, 0, 0, 0, 2, 2, 5, '2015-06-09 16:18:48'),
('USDSEK', '2015-06-11 09:29:58', 8.2683, 8.2968, 8.2589, 8.2802, 0, 4, 0, '2015-06-11 10:30:04'),
('DJI0910', '1970-01-01 00:00:00', 0, 0, 0, 0, 2, 0, 0, '2015-06-09 16:18:48'),
('AUDUSD..', '2015-03-25 15:30:40', 0.78882, 0.78897, 0.78868, 0.78947, 0, 5, 0, '2015-06-09 16:18:49'),
('EUR0M.', '1970-01-01 00:00:00', 0, 0, 0, 0, 2, 4, 0, '2015-06-09 16:18:47'),
('NSDQ0910', '1970-01-01 00:00:00', 0, 0, 0, 0, 2, 2, 0, '2015-06-09 16:18:48'),
('CADJPY', '2015-06-11 10:03:58', 100.42, 100.43, 100.02, 100.44, 1, 2, 0, '2015-06-11 11:04:02'),
('NZDJPY', '2015-06-11 10:03:53', 86.64, 86.64, 86.48, 86.75, 1, 2, 0, '2015-06-11 11:03:55'),
('GBP0M.', '1970-01-01 00:00:00', 0, 0, 0, 0, 2, 4, 0, '2015-06-09 16:18:47'),
('EURAUD', '2015-06-11 10:03:56', 1.4535, 1.4536, 1.4534, 1.4631, 0, 4, 0, '2015-06-11 11:04:02'),
('GBPCAD', '2015-06-11 10:03:58', 1.8995, 1.9005, 1.8963999999999999, 1.9037, 1, 4, 10, '2015-06-11 11:04:01'),
('GBPUSDcfgm.', '2015-06-11 10:27:23', 1.5446900000000001, 1.5446900000000001, 1.54299, 1.55169, 0, 5, 0, '2015-06-11 11:27:26'),
('GBPUSDfum.', '2015-06-11 10:27:23', 1.5446900000000001, 1.5446900000000001, 1.54299, 1.55169, 0, 5, 0, '2015-06-11 11:27:26'),
('GBPUSDcfg.', '2015-06-11 10:27:23', 1.5446900000000001, 1.5446900000000001, 1.54299, 1.55169, 0, 5, 0, '2015-06-11 11:27:25'),
('GOLD24', '2015-06-11 13:43:50', 37.919, 37.969, 37.869, 38.065, 1, 3, 50, '2015-06-11 14:43:51'),
('GOLD18', '2015-06-11 13:43:50', 28.054, 28.104, 28.017, 28.162, 1, 3, 50, '2015-06-11 14:43:51'),
('FTSE', '1970-01-01 00:00:00', 0, 0, 0, 0, 2, 1, 25, '2015-06-09 16:18:48');

--|||
DROP TRIGGER IF EXISTS `UPdatePrices`;
DELIMITER //
CREATE TRIGGER `UPdatePrices` BEFORE UPDATE ON `mt4_prices`
 FOR EACH ROW BEGIN
    UPDATE jordangold.ps_product set price=jordangold.ps_product.weight*NEW.ASK WHERE jordangold.ps_product.item_type=NEW.SYMBOL;
END
//
DELIMITER ;

--|||

CREATE TABLE IF NOT EXISTS `mt4_users` (
  `LOGIN` int(11) NOT NULL,
  `GROUP` char(16) NOT NULL,
  `ENABLE` int(11) NOT NULL,
  `ENABLE_CHANGE_PASS` int(11) NOT NULL,
  `ENABLE_READONLY` int(11) NOT NULL,
  `PASSWORD_PHONE` char(32) NOT NULL,
  `NAME` char(128) NOT NULL,
  `COUNTRY` char(32) NOT NULL,
  `CITY` char(32) NOT NULL,
  `STATE` char(32) NOT NULL,
  `ZIPCODE` char(16) NOT NULL,
  `ADDRESS` char(128) NOT NULL,
  `PHONE` char(32) NOT NULL,
  `EMAIL` char(48) NOT NULL,
  `COMMENT` char(64) NOT NULL,
  `ID` char(32) NOT NULL,
  `STATUS` char(16) NOT NULL,
  `REGDATE` datetime NOT NULL,
  `LASTDATE` datetime NOT NULL,
  `LEVERAGE` int(11) NOT NULL,
  `AGENT_ACCOUNT` int(11) NOT NULL,
  `TIMESTAMP` int(11) NOT NULL,
  `BALANCE` double NOT NULL,
  `PREVMONTHBALANCE` double NOT NULL,
  `PREVBALANCE` double NOT NULL,
  `CREDIT` double NOT NULL,
  `INTERESTRATE` double NOT NULL,
  `TAXES` double NOT NULL,
  `SEND_REPORTS` int(11) NOT NULL,
  `USER_COLOR` int(11) NOT NULL,
  `EQUITY` float NOT NULL DEFAULT '0',
  `MARGIN` float NOT NULL DEFAULT '0',
  `MARGIN_LEVEL` float NOT NULL DEFAULT '0',
  `MARGIN_FREE` float NOT NULL DEFAULT '0',
  `MODIFY_TIME` datetime NOT NULL,
  `API_DATA` blob,
  `MQID` int(10) unsigned NOT NULL DEFAULT '0',
  `server_id` tinyint(1) NOT NULL,
  PRIMARY KEY (`LOGIN`),
  KEY `INDEX_STAMP` (`TIMESTAMP`)
) ENGINE=MyISAM DEFAULT CHARSET=utf8;

--|||
INSERT INTO `mt4_users` (`LOGIN`, `GROUP`, `ENABLE`, `ENABLE_CHANGE_PASS`, `ENABLE_READONLY`, `PASSWORD_PHONE`, `NAME`, `COUNTRY`, `CITY`, `STATE`, `ZIPCODE`, `ADDRESS`, `PHONE`, `EMAIL`, `COMMENT`, `ID`, `STATUS`, `REGDATE`, `LASTDATE`, `LEVERAGE`, `AGENT_ACCOUNT`, `TIMESTAMP`, `BALANCE`, `PREVMONTHBALANCE`, `PREVBALANCE`, `CREDIT`, `INTERESTRATE`, `TAXES`, `SEND_REPORTS`, `USER_COLOR`, `EQUITY`, `MARGIN`, `MARGIN_LEVEL`, `MARGIN_FREE`, `MODIFY_TIME`, `API_DATA`, `MQID`, `server_id`) VALUES
(1, 'manager', 1, 1, 0, '', 'First Admin', '', '', '', '', '', '', '', 'automaticaly generated on startup', '', '', '2015-01-27 16:37:02', '2015-06-11 10:34:08', 0, 0, 1429627119, 921.6, 921.6, 921.6, 0, 0, 0, 0, -16777216, 921.6, 0, 0, 921.6, '2015-06-11 11:34:10', 0x00000000000000000000000000000000, 0, 0),
(100, 'Real', 1, 1, 0, '', 'Test', 'United States', 'asdsaa', '', '', '', '', '', '', '', '', '2015-01-27 16:37:21', '2015-04-28 15:43:02', 100, 0, 1429627119, 2854, 2854, 2854, 100, 0, 0, 1, -16777216, 2954, 0, 0, 2954, '2015-06-09 16:07:25', 0x00000000000000000000000000000000, 2303789568, 0),
(510, 'test', 1, 0, 0, '2341', 'TEsT Account', '', '', '', '', '', '', '', '', '', '', '2015-04-07 18:21:03', '2015-04-07 18:21:03', 100, 0, 1430826550, -4133.17, -4133.17, -4133.17, 1000, 0, 0, 0, 0, -3133.17, 0, 0, -3133.17, '2015-06-11 11:34:11', 0x00000000000000000000000000000000, 0, 0),
(509, 'test', 1, 0, 0, '2341', 'TEsT Account', '', '', '', '', '', '', '', '', '', '', '2015-04-07 18:21:03', '2015-04-07 18:21:03', 100, 0, 1430826550, -4133.17, -4133.17, -4133.17, 1000, 0, 0, 0, 0, -3133.17, 0, 0, -3133.17, '2015-06-11 11:34:11', 0x00000000000000000000000000000000, 0, 0),
(507, 'test', 1, 0, 0, '2341', 'TEsT Account', '', '', '', '', '', '', '', '', '', '', '2015-04-07 18:21:03', '2015-04-07 18:21:03', 100, 0, 1430826550, -4133.17, -4133.17, -4133.17, 1000, 0, 0, 0, 0, -3133.17, 0, 0, -3133.17, '2015-06-11 11:34:11', 0x00000000000000000000000000000000, 0, 0),
(506, 'test', 1, 0, 0, '2341', 'TEsT Account', '', '', '', '', '', '', '', '', '', '', '2015-04-07 18:21:03', '2015-04-07 18:21:03', 100, 0, 1430826550, -4133.17, -4133.17, -4133.17, 1000, 0, 0, 0, 0, -3133.17, 0, 0, -3133.17, '2015-06-11 11:34:10', 0x00000000000000000000000000000000, 0, 0),
(504, 'test', 1, 0, 0, '2341', 'TEsT Account', '', '', '', '', '', '', '', '', '', '', '2015-04-07 18:21:03', '2015-04-07 18:21:03', 100, 0, 1430826550, -4133.17, -4133.17, -4133.17, 1000, 0, 0, 0, 0, -3133.17, 0, 0, -3133.17, '2015-06-11 11:34:10', 0x00000000000000000000000000000000, 0, 0),
(502, 'test', 1, 0, 0, '2341', 'TEsT Account', '', '', '', '', '', '', '', '', '', '', '2015-04-07 18:21:03', '2015-04-07 18:21:03', 100, 0, 1429029016, 1463.66, 1463.66, 1463.66, 1000, 0, 0, 0, 0, 2463.66, 0, 0, 2463.66, '2015-06-11 11:34:10', 0x00000000000000000000000000000000, 0, 0),
(503, 'test', 1, 0, 0, '2341', 'TEsT Account', '', '', '', '', '', '', '', '', '', '', '2015-04-07 18:21:03', '2015-04-07 18:21:03', 100, 0, 1429029371, 1458.5, 1458.5, 1458.5, 1000, 0, 0, 0, 0, 2458.5, 0, 0, 2458.5, '2015-06-09 16:07:26', 0x00000000000000000000000000000000, 0, 0),
(500, 'test', 1, 0, 0, '2341', 'TEsT Account', '', '', '', '', '', '', '', '', '', '', '2015-04-07 18:21:02', '2015-04-07 18:21:02', 100, 0, 1432153938, -3774.81, -3774.81, -3774.81, 1000, 0, 0, 0, 0, -2774.81, 0, 0, -2774.81, '2015-06-11 11:34:10', 0x00000000000000000000000000000000, 0, 0),
(508, 'test', 1, 0, 0, '2341', 'TEsT Account', '', '', '', '', '', '', '', '', '', '', '2015-04-07 18:21:03', '2015-04-07 18:21:03', 100, 0, 1430826550, -4133.17, -4133.17, -4133.17, 1000, 0, 0, 0, 0, -3133.17, 0, 0, -3133.17, '2015-06-11 11:34:11', 0x00000000000000000000000000000000, 0, 0),
(505, 'test', 1, 0, 0, '2341', 'TEsT Account', '', '', '', '', '', '', '', '', '', '', '2015-04-07 18:21:03', '2015-04-07 18:21:03', 100, 0, 1430826550, -4133.17, -4133.17, -4133.17, 1000, 0, 0, 0, 0, -3133.17, 0, 0, -3133.17, '2015-06-11 11:34:10', 0x00000000000000000000000000000000, 0, 0),
(2, 'manager', 1, 1, 0, '', 'Manager2', 'United States', '', '', '', '', '', '', '', '', 'RE', '2015-04-01 12:19:51', '2015-04-01 12:20:25', 100, 0, 1427890825, 0, 0, 0, 0, 0, 0, 1, -16777216, 0, 0, 0, 0, '2015-04-13 16:25:32', 0x00000000000000000000000000000000, 0, 0),
(10, 'Real', 1, 1, 0, '', 'Master', 'United States', '', '', '', '', '', '', '', '', '', '2015-04-01 11:44:29', '2015-06-11 09:58:11', 100, 0, 1434016665, 2005368.14, 2005368.14, 2005368.14, 0, 0, 0, 1, -16777216, 2005370, 0, 0, 2005370, '2015-06-11 11:34:10', 0x00000000000000000000000000000000, 2303789568, 0),
(592, 'test', 1, 0, 0, '2341', 'TEsT Account', '', '', '', '', '', '', '', '', '', '', '2015-04-07 18:21:12', '2015-04-07 18:21:12', 100, 0, 1430826550, -4133.17, -4133.17, -4133.17, 1000, 0, 0, 0, 0, -3133.17, 0, 0, -3133.17, '2015-06-11 11:34:14', 0x00000000000000000000000000000000, 0, 0),
(511, 'test', 1, 0, 0, '2341', 'TEsT Account', '', '', '', '', '', '', '', '', '', '', '2015-04-07 18:21:03', '2015-04-07 18:21:03', 100, 0, 1430826550, -4133.17, -4133.17, -4133.17, 1000, 0, 0, 0, 0, -3133.17, 0, 0, -3133.17, '2015-06-11 11:34:11', 0x00000000000000000000000000000000, 0, 0),
(512, 'test', 1, 0, 0, '2341', 'TEsT Account', '', '', '', '', '', '', '', '', '', '', '2015-04-07 18:21:03', '2015-04-07 18:21:03', 100, 0, 1430826550, -4133.17, -4133.17, -4133.17, 1000, 0, 0, 0, 0, -3133.17, 0, 0, -3133.17, '2015-06-11 11:34:11', 0x00000000000000000000000000000000, 0, 0),
(513, 'test', 1, 0, 0, '2341', 'TEsT Account', '', '', '', '', '', '', '', '', '', '', '2015-04-07 18:21:03', '2015-04-07 18:21:03', 100, 0, 1430826550, -4133.17, -4133.17, -4133.17, 1000, 0, 0, 0, 0, -3133.17, 0, 0, -3133.17, '2015-06-11 11:34:11', 0x00000000000000000000000000000000, 0, 0),
(514, 'test', 1, 0, 0, '2341', 'TEsT Account', '', '', '', '', '', '', '', '', '', '', '2015-04-07 18:21:03', '2015-04-07 18:21:04', 100, 0, 1430826550, -4133.17, -4133.17, -4133.17, 1000, 0, 0, 0, 0, -3133.17, 0, 0, -3133.17, '2015-06-11 11:34:11', 0x00000000000000000000000000000000, 0, 0),
(515, 'test', 1, 0, 0, '2341', 'TEsT Account', '', '', '', '', '', '', '', '', '', '', '2015-04-07 18:21:04', '2015-04-07 18:21:04', 100, 0, 1430826550, -4133.17, -4133.17, -4133.17, 1000, 0, 0, 0, 0, -3133.17, 0, 0, -3133.17, '2015-06-11 11:34:11', 0x00000000000000000000000000000000, 0, 0),
(516, 'test', 1, 0, 0, '2341', 'TEsT Account', '', '', '', '', '', '', '', '', '', '', '2015-04-07 18:21:04', '2015-04-07 18:21:04', 100, 0, 1430826550, -4133.17, -4133.17, -4133.17, 1000, 0, 0, 0, 0, -3133.17, 0, 0, -3133.17, '2015-06-11 11:34:11', 0x00000000000000000000000000000000, 0, 0),
(517, 'test', 1, 0, 0, '2341', 'TEsT Account', '', '', '', '', '', '', '', '', '', '', '2015-04-07 18:21:04', '2015-04-07 18:21:04', 100, 0, 1430826550, -4133.17, -4133.17, -4133.17, 1000, 0, 0, 0, 0, -3133.17, 0, 0, -3133.17, '2015-06-11 11:34:11', 0x00000000000000000000000000000000, 0, 0),
(518, 'test', 1, 0, 0, '2341', 'TEsT Account', '', '', '', '', '', '', '', '', '', '', '2015-04-07 18:21:04', '2015-04-07 18:21:04', 100, 0, 1430826550, -4133.17, -4133.17, -4133.17, 1000, 0, 0, 0, 0, -3133.17, 0, 0, -3133.17, '2015-06-11 11:34:11', 0x00000000000000000000000000000000, 0, 0),
(519, 'test', 1, 0, 0, '2341', 'TEsT Account', '', '', '', '', '', '', '', '', '', '', '2015-04-07 18:21:04', '2015-04-07 18:21:04', 100, 0, 1430826550, -4133.17, -4133.17, -4133.17, 1000, 0, 0, 0, 0, -3133.17, 0, 0, -3133.17, '2015-06-11 11:34:11', 0x00000000000000000000000000000000, 0, 0),
(520, 'test', 1, 0, 0, '2341', 'TEsT Account', '', '', '', '', '', '', '', '', '', '', '2015-04-07 18:21:04', '2015-04-07 18:21:04', 100, 0, 1430826550, -4133.17, -4133.17, -4133.17, 1000, 0, 0, 0, 0, -3133.17, 0, 0, -3133.17, '2015-06-11 11:34:11', 0x00000000000000000000000000000000, 0, 0),
(521, 'test', 1, 0, 0, '2341', 'TEsT Account', '', '', '', '', '', '', '', '', '', '', '2015-04-07 18:21:04', '2015-04-07 18:21:04', 100, 0, 1430826550, -4133.17, -4133.17, -4133.17, 1000, 0, 0, 0, 0, -3133.17, 0, 0, -3133.17, '2015-06-11 11:34:11', 0x00000000000000000000000000000000, 0, 0),
(522, 'test', 1, 0, 0, '2341', 'TEsT Account', '', '', '', '', '', '', '', '', '', '', '2015-04-07 18:21:04', '2015-04-07 18:21:04', 100, 0, 1430826550, -4133.17, -4133.17, -4133.17, 1000, 0, 0, 0, 0, -3133.17, 0, 0, -3133.17, '2015-06-11 11:34:11', 0x00000000000000000000000000000000, 0, 0),
(523, 'test', 1, 0, 0, '2341', 'TEsT Account', '', '', '', '', '', '', '', '', '', '', '2015-04-07 18:21:04', '2015-04-07 18:21:04', 100, 0, 1430826550, -4133.17, -4133.17, -4133.17, 1000, 0, 0, 0, 0, -3133.17, 0, 0, -3133.17, '2015-06-11 11:34:11', 0x00000000000000000000000000000000, 0, 0),
(524, 'test', 1, 0, 0, '2341', 'TEsT Account', '', '', '', '', '', '', '', '', '', '', '2015-04-07 18:21:04', '2015-04-07 18:21:04', 100, 0, 1430826550, -4133.17, -4133.17, -4133.17, 1000, 0, 0, 0, 0, -3133.17, 0, 0, -3133.17, '2015-06-11 11:34:11', 0x00000000000000000000000000000000, 0, 0),
(525, 'test', 1, 0, 0, '2341', 'TEsT Account', '', '', '', '', '', '', '', '', '', '', '2015-04-07 18:21:04', '2015-04-07 18:21:04', 100, 0, 1430826550, -4133.17, -4133.17, -4133.17, 1000, 0, 0, 0, 0, -3133.17, 0, 0, -3133.17, '2015-06-11 11:34:11', 0x00000000000000000000000000000000, 0, 0),
(526, 'test', 1, 0, 0, '2341', 'TEsT Account', '', '', '', '', '', '', '', '', '', '', '2015-04-07 18:21:04', '2015-04-07 18:21:04', 100, 0, 1430826550, -4133.17, -4133.17, -4133.17, 1000, 0, 0, 0, 0, -3133.17, 0, 0, -3133.17, '2015-06-11 11:34:11', 0x00000000000000000000000000000000, 0, 0),
(527, 'test', 1, 0, 0, '2341', 'TEsT Account', '', '', '', '', '', '', '', '', '', '', '2015-04-07 18:21:05', '2015-04-07 18:21:05', 100, 0, 1430826550, -4133.17, -4133.17, -4133.17, 1000, 0, 0, 0, 0, -3133.17, 0, 0, -3133.17, '2015-06-11 11:34:11', 0x00000000000000000000000000000000, 0, 0),
(528, 'test', 1, 0, 0, '2341', 'TEsT Account', '', '', '', '', '', '', '', '', '', '', '2015-04-07 18:21:05', '2015-04-07 18:21:05', 100, 0, 1430826550, -4133.17, -4133.17, -4133.17, 1000, 0, 0, 0, 0, -3133.17, 0, 0, -3133.17, '2015-06-11 11:34:11', 0x00000000000000000000000000000000, 0, 0),
(529, 'test', 1, 0, 0, '2341', 'TEsT Account', '', '', '', '', '', '', '', '', '', '', '2015-04-07 18:21:05', '2015-04-07 18:21:05', 100, 0, 1430826550, -4133.17, -4133.17, -4133.17, 1000, 0, 0, 0, 0, -3133.17, 0, 0, -3133.17, '2015-06-11 11:34:11', 0x00000000000000000000000000000000, 0, 0),
(530, 'test', 1, 0, 0, '2341', 'TEsT Account', '', '', '', '', '', '', '', '', '', '', '2015-04-07 18:21:05', '2015-04-07 18:21:05', 100, 0, 1430826550, -4133.17, -4133.17, -4133.17, 1000, 0, 0, 0, 0, -3133.17, 0, 0, -3133.17, '2015-06-11 11:34:11', 0x00000000000000000000000000000000, 0, 0),
(531, 'test', 1, 0, 0, '2341', 'TEsT Account', '', '', '', '', '', '', '', '', '', '', '2015-04-07 18:21:05', '2015-04-07 18:21:05', 100, 0, 1430826550, -4133.17, -4133.17, -4133.17, 1000, 0, 0, 0, 0, -3133.17, 0, 0, -3133.17, '2015-06-11 11:34:11', 0x00000000000000000000000000000000, 0, 0),
(532, 'test', 1, 0, 0, '2341', 'TEsT Account', '', '', '', '', '', '', '', '', '', '', '2015-04-07 18:21:05', '2015-04-07 18:21:05', 100, 0, 1430826550, -4133.17, -4133.17, -4133.17, 1000, 0, 0, 0, 0, -3133.17, 0, 0, -3133.17, '2015-06-11 11:34:12', 0x00000000000000000000000000000000, 0, 0),
(533, 'test', 1, 0, 0, '2341', 'TEsT Account', '', '', '', '', '', '', '', '', '', '', '2015-04-07 18:21:05', '2015-04-07 18:21:05', 100, 0, 1430826550, -4133.17, -4133.17, -4133.17, 1000, 0, 0, 0, 0, -3133.17, 0, 0, -3133.17, '2015-06-11 11:34:12', 0x00000000000000000000000000000000, 0, 0),
(534, 'test', 1, 0, 0, '2341', 'TEsT Account', '', '', '', '', '', '', '', '', '', '', '2015-04-07 18:21:05', '2015-04-07 18:21:05', 100, 0, 1430826550, -4133.17, -4133.17, -4133.17, 1000, 0, 0, 0, 0, -3133.17, 0, 0, -3133.17, '2015-06-11 11:34:12', 0x00000000000000000000000000000000, 0, 0),
(535, 'test', 1, 0, 0, '2341', 'TEsT Account', '', '', '', '', '', '', '', '', '', '', '2015-04-07 18:21:05', '2015-04-07 18:21:05', 100, 0, 1430826550, -4133.17, -4133.17, -4133.17, 1000, 0, 0, 0, 0, -3133.17, 0, 0, -3133.17, '2015-06-11 11:34:12', 0x00000000000000000000000000000000, 0, 0),
(536, 'test', 1, 0, 0, '2341', 'TEsT Account', '', '', '', '', '', '', '', '', '', '', '2015-04-07 18:21:05', '2015-04-07 18:21:05', 100, 0, 1430826550, -4133.17, -4133.17, -4133.17, 1000, 0, 0, 0, 0, -3133.17, 0, 0, -3133.17, '2015-06-11 11:34:12', 0x00000000000000000000000000000000, 0, 0),
(537, 'test', 1, 0, 0, '2341', 'TEsT Account', '', '', '', '', '', '', '', '', '', '', '2015-04-07 18:21:05', '2015-04-07 18:21:05', 100, 0, 1430826550, -4133.17, -4133.17, -4133.17, 1000, 0, 0, 0, 0, -3133.17, 0, 0, -3133.17, '2015-06-11 11:34:12', 0x00000000000000000000000000000000, 0, 0),
(538, 'test', 1, 0, 0, '2341', 'TEsT Account', '', '', '', '', '', '', '', '', '', '', '2015-04-07 18:21:06', '2015-04-07 18:21:06', 100, 0, 1430826550, -4133.17, -4133.17, -4133.17, 1000, 0, 0, 0, 0, -3133.17, 0, 0, -3133.17, '2015-06-11 11:34:12', 0x00000000000000000000000000000000, 0, 0),
(539, 'test', 1, 0, 0, '2341', 'TEsT Account', '', '', '', '', '', '', '', '', '', '', '2015-04-07 18:21:06', '2015-04-07 18:21:06', 100, 0, 1430826550, -4133.17, -4133.17, -4133.17, 1000, 0, 0, 0, 0, -3133.17, 0, 0, -3133.17, '2015-06-11 11:34:12', 0x00000000000000000000000000000000, 0, 0),
(540, 'test', 1, 0, 0, '2341', 'TEsT Account', '', '', '', '', '', '', '', '', '', '', '2015-04-07 18:21:06', '2015-04-07 18:21:06', 100, 0, 1430826550, -4133.17, -4133.17, -4133.17, 1000, 0, 0, 0, 0, -3133.17, 0, 0, -3133.17, '2015-06-11 11:34:12', 0x00000000000000000000000000000000, 0, 0),
(541, 'test', 1, 0, 0, '2341', 'TEsT Account', '', '', '', '', '', '', '', '', '', '', '2015-04-07 18:21:06', '2015-04-07 18:21:06', 100, 0, 1430826550, -4133.17, -4133.17, -4133.17, 1000, 0, 0, 0, 0, -3133.17, 0, 0, -3133.17, '2015-06-11 11:34:12', 0x00000000000000000000000000000000, 0, 0),
(542, 'test', 1, 0, 0, '2341', 'TEsT Account', '', '', '', '', '', '', '', '', '', '', '2015-04-07 18:21:06', '2015-04-07 18:21:06', 100, 0, 1430826550, -4133.17, -4133.17, -4133.17, 1000, 0, 0, 0, 0, -3133.17, 0, 0, -3133.17, '2015-06-11 11:34:12', 0x00000000000000000000000000000000, 0, 0),
(543, 'test', 1, 0, 0, '2341', 'TEsT Account', '', '', '', '', '', '', '', '', '', '', '2015-04-07 18:21:06', '2015-04-07 18:21:06', 100, 0, 1430826550, -4133.17, -4133.17, -4133.17, 1000, 0, 0, 0, 0, -3133.17, 0, 0, -3133.17, '2015-06-11 11:34:12', 0x00000000000000000000000000000000, 0, 0),
(544, 'test', 1, 0, 0, '2341', 'TEsT Account', '', '', '', '', '', '', '', '', '', '', '2015-04-07 18:21:06', '2015-04-07 18:21:06', 100, 0, 1430826550, -4133.17, -4133.17, -4133.17, 1000, 0, 0, 0, 0, -3133.17, 0, 0, -3133.17, '2015-06-11 11:34:12', 0x00000000000000000000000000000000, 0, 0),
(545, 'test', 1, 0, 0, '2341', 'TEsT Account', '', '', '', '', '', '', '', '', '', '', '2015-04-07 18:21:06', '2015-04-07 18:21:06', 100, 0, 1430826550, -4133.17, -4133.17, -4133.17, 1000, 0, 0, 0, 0, -3133.17, 0, 0, -3133.17, '2015-06-11 11:34:12', 0x00000000000000000000000000000000, 0, 0),
(546, 'test', 1, 0, 0, '2341', 'TEsT Account', '', '', '', '', '', '', '', '', '', '', '2015-04-07 18:21:06', '2015-04-07 18:21:06', 100, 0, 1430826550, -4133.17, -4133.17, -4133.17, 1000, 0, 0, 0, 0, -3133.17, 0, 0, -3133.17, '2015-06-11 11:34:12', 0x00000000000000000000000000000000, 0, 0),
(547, 'test', 1, 0, 0, '2341', 'TEsT Account', '', '', '', '', '', '', '', '', '', '', '2015-04-07 18:21:06', '2015-04-07 18:21:06', 100, 0, 1430826550, -4133.17, -4133.17, -4133.17, 1000, 0, 0, 0, 0, -3133.17, 0, 0, -3133.17, '2015-06-11 11:34:12', 0x00000000000000000000000000000000, 0, 0),
(548, 'test', 1, 0, 0, '2341', 'TEsT Account', '', '', '', '', '', '', '', '', '', '', '2015-04-07 18:21:06', '2015-04-07 18:21:06', 100, 0, 1430826550, -4133.17, -4133.17, -4133.17, 1000, 0, 0, 0, 0, -3133.17, 0, 0, -3133.17, '2015-06-11 11:34:12', 0x00000000000000000000000000000000, 0, 0),
(549, 'test', 1, 0, 0, '2341', 'TEsT Account', '', '', '', '', '', '', '', '', '', '', '2015-04-07 18:21:06', '2015-04-07 18:21:06', 100, 0, 1430826550, -4133.17, -4133.17, -4133.17, 1000, 0, 0, 0, 0, -3133.17, 0, 0, -3133.17, '2015-06-11 11:34:12', 0x00000000000000000000000000000000, 0, 0),
(550, 'test', 1, 0, 0, '2341', 'TEsT Account', '', '', '', '', '', '', '', '', '', '', '2015-04-07 18:21:07', '2015-04-07 18:21:07', 100, 0, 1430826550, -4133.17, -4133.17, -4133.17, 1000, 0, 0, 0, 0, -3133.17, 0, 0, -3133.17, '2015-06-11 11:34:12', 0x00000000000000000000000000000000, 0, 0),
(551, 'test', 1, 0, 0, '2341', 'TEsT Account', '', '', '', '', '', '', '', '', '', '', '2015-04-07 18:21:07', '2015-04-07 18:21:07', 100, 0, 1430826550, -4133.17, -4133.17, -4133.17, 1000, 0, 0, 0, 0, -3133.17, 0, 0, -3133.17, '2015-06-11 11:34:12', 0x00000000000000000000000000000000, 0, 0),
(552, 'test', 1, 0, 0, '2341', 'TEsT Account', '', '', '', '', '', '', '', '', '', '', '2015-04-07 18:21:07', '2015-04-07 18:21:07', 100, 0, 1430826550, -4133.17, -4133.17, -4133.17, 1000, 0, 0, 0, 0, -3133.17, 0, 0, -3133.17, '2015-06-11 11:34:12', 0x00000000000000000000000000000000, 0, 0),
(553, 'test', 1, 0, 0, '2341', 'TEsT Account', '', '', '', '', '', '', '', '', '', '', '2015-04-07 18:21:07', '2015-04-07 18:21:07', 100, 0, 1430826550, -4133.17, -4133.17, -4133.17, 1000, 0, 0, 0, 0, -3133.17, 0, 0, -3133.17, '2015-06-11 11:34:12', 0x00000000000000000000000000000000, 0, 0),
(554, 'test', 1, 0, 0, '2341', 'TEsT Account', '', '', '', '', '', '', '', '', '', '', '2015-04-07 18:21:07', '2015-04-07 18:21:07', 100, 0, 1430826550, -4133.17, -4133.17, -4133.17, 1000, 0, 0, 0, 0, -3133.17, 0, 0, -3133.17, '2015-06-11 11:34:12', 0x00000000000000000000000000000000, 0, 0),
(555, 'test', 1, 0, 0, '2341', 'TEsT Account', '', '', '', '', '', '', '', '', '', '', '2015-04-07 18:21:07', '2015-04-07 18:21:07', 100, 0, 1430826550, -4133.17, -4133.17, -4133.17, 1000, 0, 0, 0, 0, -3133.17, 0, 0, -3133.17, '2015-06-11 11:34:12', 0x00000000000000000000000000000000, 0, 0),
(556, 'test', 1, 0, 0, '2341', 'TEsT Account', '', '', '', '', '', '', '', '', '', '', '2015-04-07 18:21:07', '2015-04-07 18:21:07', 100, 0, 1430826550, -4133.17, -4133.17, -4133.17, 1000, 0, 0, 0, 0, -3133.17, 0, 0, -3133.17, '2015-06-11 11:34:13', 0x00000000000000000000000000000000, 0, 0),
(557, 'test', 1, 0, 0, '2341', 'TEsT Account', '', '', '', '', '', '', '', '', '', '', '2015-04-07 18:21:07', '2015-04-07 18:21:07', 100, 0, 1430826550, -4133.17, -4133.17, -4133.17, 1000, 0, 0, 0, 0, -3133.17, 0, 0, -3133.17, '2015-06-11 11:34:13', 0x00000000000000000000000000000000, 0, 0),
(558, 'test', 1, 0, 0, '2341', 'TEsT Account', '', '', '', '', '', '', '', '', '', '', '2015-04-07 18:21:08', '2015-04-07 18:21:08', 100, 0, 1430826550, -4133.17, -4133.17, -4133.17, 1000, 0, 0, 0, 0, -3133.17, 0, 0, -3133.17, '2015-06-11 11:34:13', 0x00000000000000000000000000000000, 0, 0),
(559, 'test', 1, 0, 0, '2341', 'TEsT Account', '', '', '', '', '', '', '', '', '', '', '2015-04-07 18:21:08', '2015-04-07 18:21:08', 100, 0, 1430826550, -4133.17, -4133.17, -4133.17, 1000, 0, 0, 0, 0, -3133.17, 0, 0, -3133.17, '2015-06-11 11:34:13', 0x00000000000000000000000000000000, 0, 0),
(560, 'test', 1, 0, 0, '2341', 'TEsT Account', '', '', '', '', '', '', '', '', '', '', '2015-04-07 18:21:08', '2015-04-07 18:21:08', 100, 0, 1430826550, -4133.17, -4133.17, -4133.17, 1000, 0, 0, 0, 0, -3133.17, 0, 0, -3133.17, '2015-06-11 11:34:13', 0x00000000000000000000000000000000, 0, 0),
(561, 'test', 1, 0, 0, '2341', 'TEsT Account', '', '', '', '', '', '', '', '', '', '', '2015-04-07 18:21:08', '2015-04-07 18:21:08', 100, 0, 1430826550, -4133.17, -4133.17, -4133.17, 1000, 0, 0, 0, 0, -3133.17, 0, 0, -3133.17, '2015-06-11 11:34:13', 0x00000000000000000000000000000000, 0, 0),
(562, 'test', 1, 0, 0, '2341', 'TEsT Account', '', '', '', '', '', '', '', '', '', '', '2015-04-07 18:21:08', '2015-04-07 18:21:08', 100, 0, 1430826550, -4133.17, -4133.17, -4133.17, 1000, 0, 0, 0, 0, -3133.17, 0, 0, -3133.17, '2015-06-11 11:34:13', 0x00000000000000000000000000000000, 0, 0),
(563, 'test', 1, 0, 0, '2341', 'TEsT Account', '', '', '', '', '', '', '', '', '', '', '2015-04-07 18:21:08', '2015-04-07 18:21:08', 100, 0, 1430826550, -4133.17, -4133.17, -4133.17, 1000, 0, 0, 0, 0, -3133.17, 0, 0, -3133.17, '2015-06-11 11:34:13', 0x00000000000000000000000000000000, 0, 0),
(564, 'test', 1, 0, 0, '2341', 'TEsT Account', '', '', '', '', '', '', '', '', '', '', '2015-04-07 18:21:08', '2015-04-07 18:21:08', 100, 0, 1430826550, -4133.17, -4133.17, -4133.17, 1000, 0, 0, 0, 0, -3133.17, 0, 0, -3133.17, '2015-06-11 11:34:13', 0x00000000000000000000000000000000, 0, 0),
(565, 'test', 1, 0, 0, '2341', 'TEsT Account', '', '', '', '', '', '', '', '', '', '', '2015-04-07 18:21:09', '2015-04-07 18:21:09', 100, 0, 1430826550, -4133.17, -4133.17, -4133.17, 1000, 0, 0, 0, 0, -3133.17, 0, 0, -3133.17, '2015-06-11 11:34:13', 0x00000000000000000000000000000000, 0, 0),
(566, 'test', 1, 0, 0, '2341', 'TEsT Account', '', '', '', '', '', '', '', '', '', '', '2015-04-07 18:21:09', '2015-04-07 18:21:09', 100, 0, 1430826550, -4133.17, -4133.17, -4133.17, 1000, 0, 0, 0, 0, -3133.17, 0, 0, -3133.17, '2015-06-11 11:34:13', 0x00000000000000000000000000000000, 0, 0),
(567, 'test', 1, 0, 0, '2341', 'TEsT Account', '', '', '', '', '', '', '', '', '', '', '2015-04-07 18:21:09', '2015-04-07 18:21:09', 100, 0, 1430826550, -4133.17, -4133.17, -4133.17, 1000, 0, 0, 0, 0, -3133.17, 0, 0, -3133.17, '2015-06-11 11:34:13', 0x00000000000000000000000000000000, 0, 0),
(568, 'test', 1, 0, 0, '2341', 'TEsT Account', '', '', '', '', '', '', '', '', '', '', '2015-04-07 18:21:09', '2015-04-07 18:21:09', 100, 0, 1430826550, -4133.17, -4133.17, -4133.17, 1000, 0, 0, 0, 0, -3133.17, 0, 0, -3133.17, '2015-06-11 11:34:13', 0x00000000000000000000000000000000, 0, 0),
(569, 'test', 1, 0, 0, '2341', 'TEsT Account', '', '', '', '', '', '', '', '', '', '', '2015-04-07 18:21:09', '2015-04-07 18:21:09', 100, 0, 1430826550, -4133.17, -4133.17, -4133.17, 1000, 0, 0, 0, 0, -3133.17, 0, 0, -3133.17, '2015-06-11 11:34:13', 0x00000000000000000000000000000000, 0, 0),
(570, 'test', 1, 0, 0, '2341', 'TEsT Account', '', '', '', '', '', '', '', '', '', '', '2015-04-07 18:21:09', '2015-04-07 18:21:09', 100, 0, 1430826550, -4133.17, -4133.17, -4133.17, 1000, 0, 0, 0, 0, -3133.17, 0, 0, -3133.17, '2015-06-11 11:34:13', 0x00000000000000000000000000000000, 0, 0),
(571, 'test', 1, 0, 0, '2341', 'TEsT Account', '', '', '', '', '', '', '', '', '', '', '2015-04-07 18:21:09', '2015-04-07 18:21:09', 100, 0, 1430826550, -4133.17, -4133.17, -4133.17, 1000, 0, 0, 0, 0, -3133.17, 0, 0, -3133.17, '2015-06-11 11:34:13', 0x00000000000000000000000000000000, 0, 0),
(572, 'test', 1, 0, 0, '2341', 'TEsT Account', '', '', '', '', '', '', '', '', '', '', '2015-04-07 18:21:10', '2015-04-07 18:21:10', 100, 0, 1430826550, -4133.17, -4133.17, -4133.17, 1000, 0, 0, 0, 0, -3133.17, 0, 0, -3133.17, '2015-06-11 11:34:13', 0x00000000000000000000000000000000, 0, 0),
(573, 'test', 1, 0, 0, '2341', 'TEsT Account', '', '', '', '', '', '', '', '', '', '', '2015-04-07 18:21:10', '2015-04-07 18:21:10', 100, 0, 1430826550, -4133.17, -4133.17, -4133.17, 1000, 0, 0, 0, 0, -3133.17, 0, 0, -3133.17, '2015-06-11 11:34:13', 0x00000000000000000000000000000000, 0, 0),
(574, 'test', 1, 0, 0, '2341', 'TEsT Account', '', '', '', '', '', '', '', '', '', '', '2015-04-07 18:21:10', '2015-04-07 18:21:10', 100, 0, 1430826550, -4133.17, -4133.17, -4133.17, 1000, 0, 0, 0, 0, -3133.17, 0, 0, -3133.17, '2015-06-11 11:34:13', 0x00000000000000000000000000000000, 0, 0),
(575, 'test', 1, 0, 0, '2341', 'TEsT Account', '', '', '', '', '', '', '', '', '', '', '2015-04-07 18:21:10', '2015-04-07 18:21:10', 100, 0, 1430826550, -4133.17, -4133.17, -4133.17, 1000, 0, 0, 0, 0, -3133.17, 0, 0, -3133.17, '2015-06-11 11:34:13', 0x00000000000000000000000000000000, 0, 0),
(576, 'test', 1, 0, 0, '2341', 'TEsT Account', '', '', '', '', '', '', '', '', '', '', '2015-04-07 18:21:10', '2015-04-07 18:21:10', 100, 0, 1430826550, -4133.17, -4133.17, -4133.17, 1000, 0, 0, 0, 0, -3133.17, 0, 0, -3133.17, '2015-06-11 11:34:13', 0x00000000000000000000000000000000, 0, 0),
(577, 'test', 1, 0, 0, '2341', 'TEsT Account', '', '', '', '', '', '', '', '', '', '', '2015-04-07 18:21:10', '2015-04-07 18:21:10', 100, 0, 1430826550, -4133.17, -4133.17, -4133.17, 1000, 0, 0, 0, 0, -3133.17, 0, 0, -3133.17, '2015-06-11 11:34:13', 0x00000000000000000000000000000000, 0, 0),
(578, 'test', 1, 0, 0, '2341', 'TEsT Account', '', '', '', '', '', '', '', '', '', '', '2015-04-07 18:21:10', '2015-04-07 18:21:10', 100, 0, 1430826550, -4133.17, -4133.17, -4133.17, 1000, 0, 0, 0, 0, -3133.17, 0, 0, -3133.17, '2015-06-11 11:34:13', 0x00000000000000000000000000000000, 0, 0),
(579, 'test', 1, 0, 0, '2341', 'TEsT Account', '', '', '', '', '', '', '', '', '', '', '2015-04-07 18:21:10', '2015-04-07 18:21:10', 100, 0, 1430826550, -4133.17, -4133.17, -4133.17, 1000, 0, 0, 0, 0, -3133.17, 0, 0, -3133.17, '2015-06-11 11:34:13', 0x00000000000000000000000000000000, 0, 0),
(580, 'test', 1, 0, 0, '2341', 'TEsT Account', '', '', '', '', '', '', '', '', '', '', '2015-04-07 18:21:11', '2015-04-07 18:21:11', 100, 0, 1430826550, -4133.17, -4133.17, -4133.17, 1000, 0, 0, 0, 0, -3133.17, 0, 0, -3133.17, '2015-06-11 11:34:14', 0x00000000000000000000000000000000, 0, 0),
(581, 'test', 1, 0, 0, '2341', 'TEsT Account', '', '', '', '', '', '', '', '', '', '', '2015-04-07 18:21:11', '2015-04-07 18:21:11', 100, 0, 1430826550, -4133.17, -4133.17, -4133.17, 1000, 0, 0, 0, 0, -3133.17, 0, 0, -3133.17, '2015-06-11 11:34:14', 0x00000000000000000000000000000000, 0, 0),
(582, 'test', 1, 0, 0, '2341', 'TEsT Account', '', '', '', '', '', '', '', '', '', '', '2015-04-07 18:21:11', '2015-04-07 18:21:11', 100, 0, 1430826550, -4133.17, -4133.17, -4133.17, 1000, 0, 0, 0, 0, -3133.17, 0, 0, -3133.17, '2015-06-11 11:34:14', 0x00000000000000000000000000000000, 0, 0),
(583, 'test', 1, 0, 0, '2341', 'TEsT Account', '', '', '', '', '', '', '', '', '', '', '2015-04-07 18:21:11', '2015-04-07 18:21:11', 100, 0, 1430826550, -4133.17, -4133.17, -4133.17, 1000, 0, 0, 0, 0, -3133.17, 0, 0, -3133.17, '2015-06-11 11:34:14', 0x00000000000000000000000000000000, 0, 0),
(584, 'test', 1, 0, 0, '2341', 'TEsT Account', '', '', '', '', '', '', '', '', '', '', '2015-04-07 18:21:11', '2015-04-07 18:21:11', 100, 0, 1430826550, -4133.17, -4133.17, -4133.17, 1000, 0, 0, 0, 0, -3133.17, 0, 0, -3133.17, '2015-06-11 11:34:14', 0x00000000000000000000000000000000, 0, 0),
(585, 'test', 1, 0, 0, '2341', 'TEsT Account', '', '', '', '', '', '', '', '', '', '', '2015-04-07 18:21:11', '2015-04-07 18:21:11', 100, 0, 1430826550, -4133.17, -4133.17, -4133.17, 1000, 0, 0, 0, 0, -3133.17, 0, 0, -3133.17, '2015-06-11 11:34:14', 0x00000000000000000000000000000000, 0, 0),
(586, 'test', 1, 0, 0, '2341', 'TEsT Account', '', '', '', '', '', '', '', '', '', '', '2015-04-07 18:21:12', '2015-04-07 18:21:12', 100, 0, 1430826550, -4133.17, -4133.17, -4133.17, 1000, 0, 0, 0, 0, -3133.17, 0, 0, -3133.17, '2015-06-11 11:34:14', 0x00000000000000000000000000000000, 0, 0),
(587, 'test', 1, 0, 0, '2341', 'TEsT Account', '', '', '', '', '', '', '', '', '', '', '2015-04-07 18:21:12', '2015-04-07 18:21:12', 100, 0, 1430826550, -4133.17, -4133.17, -4133.17, 1000, 0, 0, 0, 0, -3133.17, 0, 0, -3133.17, '2015-06-11 11:34:14', 0x00000000000000000000000000000000, 0, 0),
(588, 'test', 1, 0, 0, '2341', 'TEsT Account', '', '', '', '', '', '', '', '', '', '', '2015-04-07 18:21:12', '2015-04-07 18:21:12', 100, 0, 1430826550, -4133.17, -4133.17, -4133.17, 1000, 0, 0, 0, 0, -3133.17, 0, 0, -3133.17, '2015-06-11 11:34:14', 0x00000000000000000000000000000000, 0, 0),
(589, 'test', 1, 0, 0, '2341', 'TEsT Account', '', '', '', '', '', '', '', '', '', '', '2015-04-07 18:21:12', '2015-04-07 18:21:12', 100, 0, 1430826550, -4133.17, -4133.17, -4133.17, 1000, 0, 0, 0, 0, -3133.17, 0, 0, -3133.17, '2015-06-11 11:34:14', 0x00000000000000000000000000000000, 0, 0),
(590, 'test', 1, 0, 0, '2341', 'TEsT Account', '', '', '', '', '', '', '', '', '', '', '2015-04-07 18:21:12', '2015-04-07 18:21:12', 100, 0, 1430826550, -4133.17, -4133.17, -4133.17, 1000, 0, 0, 0, 0, -3133.17, 0, 0, -3133.17, '2015-06-11 11:34:14', 0x00000000000000000000000000000000, 0, 0),
(591, 'test', 1, 0, 0, '2341', 'TEsT Account', '', '', '', '', '', '', '', '', '', '', '2015-04-07 18:21:12', '2015-04-07 18:21:12', 100, 0, 1430826550, -4133.17, -4133.17, -4133.17, 1000, 0, 0, 0, 0, -3133.17, 0, 0, -3133.17, '2015-06-11 11:34:14', 0x00000000000000000000000000000000, 0, 0),
(2102094474, 'manager', 0, 0, 0, '', 'Lost & found (for lost commissions)', '', '', '', '', '', '', '', 'must be always disabled, but do not delete!', '', '', '2015-01-27 16:37:02', '2015-01-27 16:37:02', 0, 0, 1428430295, 17314.11, 17314.11, 17314.11, 0, 0, 0, 0, 0, 17314.1, 0, 0, 17314.1, '2015-06-11 11:34:14', 0x00000000000000000000000000000000, 0, 0),
(598, 'test', 1, 0, 0, '2341', 'TEsT Account', '', '', '', '', '', '', '', '', '', '', '2015-04-07 18:21:13', '2015-04-07 18:21:13', 100, 0, 1430826550, -4133.17, -4133.17, -4133.17, 1000, 0, 0, 0, 0, -3133.17, 0, 0, -3133.17, '2015-06-11 11:34:14', 0x00000000000000000000000000000000, 0, 0),
(599, 'test', 1, 0, 0, '2341', 'TEsT Account', '', '', '', '', '', '', '', '', '', '', '2015-04-07 18:21:13', '2015-04-07 18:21:13', 100, 0, 1430826550, -4133.17, -4133.17, -4133.17, 1000, 0, 0, 0, 0, -3133.17, 0, 0, -3133.17, '2015-06-11 11:34:14', 0x00000000000000000000000000000000, 0, 0),
(200, 'testEUR', 1, 1, 0, '', 'TestEUR', 'United States', '', '', '', '', '', '', '', '', '', '2015-01-31 16:51:27', '2015-05-31 15:23:54', 100, 0, 1433952623, 126451.53, 91531.96, 126880.94, 0, 0, 0, 1, -16777216, 126336, 918.395, 13756.1, 125417, '2015-06-11 14:43:37', 0x00000000000000000000000000000000, 2303789568, 0),
(2102094489, 'demoforex', 1, 1, 0, '', 'Tawfeeq Salha', '', '', '', '', '', '', 'galya@appits.net', '', '', '', '2015-05-31 16:00:39', '2015-05-31 16:00:39', 100, 0, 1433088039, 0, 0, 0, 0, 0, 0, 0, -16777216, 0, 0, 0, 0, '2015-06-01 01:23:04', 0x00000000000000000000000000000000, 0, 0),
(593, 'test', 1, 0, 0, '2341', 'TEsT Account', '', '', '', '', '', '', '', '', '', '', '2015-04-07 18:21:12', '2015-04-07 18:21:13', 100, 0, 1430826550, -4133.17, -4133.17, -4133.17, 1000, 0, 0, 0, 0, -3133.17, 0, 0, -3133.17, '2015-06-11 11:34:14', 0x00000000000000000000000000000000, 0, 0),
(594, 'test', 1, 0, 0, '2341', 'TEsT Account', '', '', '', '', '', '', '', '', '', '', '2015-04-07 18:21:13', '2015-04-07 18:21:13', 100, 0, 1430826550, -4133.17, -4133.17, -4133.17, 1000, 0, 0, 0, 0, -3133.17, 0, 0, -3133.17, '2015-06-11 11:34:14', 0x00000000000000000000000000000000, 0, 0),
(595, 'test', 1, 0, 0, '2341', 'TEsT Account', '', '', '', '', '', '', '', '', '', '', '2015-04-07 18:21:13', '2015-04-07 18:21:13', 100, 0, 1430826550, -4133.17, -4133.17, -4133.17, 1000, 0, 0, 0, 0, -3133.17, 0, 0, -3133.17, '2015-06-11 11:34:14', 0x00000000000000000000000000000000, 0, 0),
(596, 'test', 1, 0, 0, '2341', 'TEsT Account', '', '', '', '', '', '', '', '', '', '', '2015-04-07 18:21:13', '2015-04-07 18:21:13', 100, 0, 1430826550, -4133.17, -4133.17, -4133.17, 1000, 0, 0, 0, 0, -3133.17, 0, 0, -3133.17, '2015-06-11 11:34:14', 0x00000000000000000000000000000000, 0, 0),
(597, 'test', 1, 0, 0, '2341', 'TEsT Account', '', '', '', '', '', '', '', '', '', '', '2015-04-07 18:21:13', '2015-04-07 18:21:13', 100, 0, 1430826550, -4133.17, -4133.17, -4133.17, 1000, 0, 0, 0, 0, -3133.17, 0, 0, -3133.17, '2015-06-11 11:34:14', 0x00000000000000000000000000000000, 0, 0);
--|||